TF	accession	% target	% background	method
EP400	ENCSR817QKV			method1
NCOA1	ENCSR658WFQ			method1
ZBTB40	ENCSR237VLT			method1
SMARCE1	ENCSR157TCS			method1
AFF1	ENCSR241LIH			method1
ZNF184	ENCSR546IHU			method1
E2F8	ENCSR953DVM	18.51	13.90	method1
NR2C1	ENCSR742IDN	2.81	1.99	method1
PRDM10	ENCSR120MPG			method1
MNT	ENCSR512NLO	20.33	16.67	method1
NUFIP1	ENCSR574XEO			method1
TRIM24	ENCSR907MZR			method1
TCF12	ENCSR189TRZ			method1
LEF1	ENCSR343ELW			method1
ZNF24	ENCSR695EQB			method1
MCM3	ENCSR990AZC			method1
NONO	ENCSR886RYH			method1
TRIM24	ENCSR957LDM			method1
SNIP1	ENCSR654CQU			method1
EHMT2	ENCSR175EOM			method1
HDAC1	ENCSR711VWL			method1
NFATC3	ENCSR051OUX	38.39	34.71	method1
MCM5	ENCSR628APV			method1
ZBTB5	ENCSR389PWB			method1
ZBTB33	ENCSR876GXA	5.63	4.42	method1
EGR1	ENCSR211LTF	33.51	26.94	method1
ZNF639	ENCSR497VFH			method1
EGR1	ENCSR024CNP	34.01	26.58	method1
NR2C1	ENCSR178DEG	2.25	1.95	method1
HDAC2	ENCSR893WSB			method1
MTA3	ENCSR914NEI			method1
ZNF592	ENCSR249BHQ			method1
HES1	ENCSR091JXL	31.31	26.85	method1
HDGF	ENCSR197ALX			method1
DPF2	ENCSR219BXP			method1
NCOR1	ENCSR298JCG			method1
ZBTB2	ENCSR230PTV	8.34	5.66	method1
L3MBTL2	ENCSR530XQI			method1
CTBP1	ENCSR201NQZ			method1
SKIL	ENCSR336DXE			method1
SMARCA5	ENCSR895HSJ			method1
ATF3	ENCSR028UIU	7.22	3.86	method1
NCOR1	ENCSR910JAI			method1
NFIC	ENCSR796ITY			method1
ARID1B	ENCSR822CCM			method1
HDAC2	ENCSR075HTM			method1
BRD9	ENCSR177XCS			method1
CTCF	GSE137216	40.75	38.96	method1
CTCF	ENCSR000AKO	41.21	39.63	method1
CTCF	GSE70764	49.66	46.84	method1
CTCFL	GSE70764	56.42	52.26	method1
CTCF	ENCSR000BPJ	40.61	39.12	method1
CTCF	ENCSR000DMA	40.78	39.31	method1
SETDB1	ENCSR000EWI			method1
RAD21	ENCSR000BKV			method1
E2F6	ENCSR000EWJ	64.26	60.74	method1
MYC	ENCSR000EGJ	3.80	3.63	method1
E2F6	ENCSR000BLI	64.59	60.21	method1
RBFOX2	ENCSR822LBD			method1
RBFOX2	GSE120104			method1
TARDBP	GSE120104			method1
PCBP2	GSE120104			method1
TAF15	GSE120104			method1
PRPF4	GSE120104			method1
SNRNP70	GSE120104			method1
RBM22	GSE120104			method1
AGO1	GSE120104			method1
HNRNPL	GSE120104			method1
HNRNPK	GSE120104			method1
RBM39	GSE120104			method1
GTF2F1	GSE120104			method1
FUS	GSE120104			method1
SRSF1	GSE120104			method1
HNRNPLL	GSE120104			method1
HNRNPUL1	GSE120104			method1
PTBP1	GSE120104			method1
XRCC5	GSE120104			method1
SAFB	GSE120104			method1
FIP1L1	GSE120104			method1
PCBP1	GSE120104			method1
SRSF4	GSE120104			method1
SRSF3	GSE120104			method1
U2AF1	GSE120104			method1
NONO	GSE120104			method1
HNRNPC	GSE120104			method1
SRSF7	GSE120104			method1
CCAR2	GSE120104			method1
SAFB2	GSE120104			method1
SRSF9	GSE120104			method1
MAX	ENCSR000EFV			method1
CTCF	GSE131349	39.77	37.42	method1
CTCF	GSE90691	50.15	45.38	method1
TARDBP	ENCSR429XTR			method1
ZNF281	GSE121133	59.35	53.26	method1
ZNF148	GSE121133			method1
RBM22	ENCSR848AOP			method1
BRD3	GSE140325			method1
BRD2	GSE140325			method1
BRD4	GSE140325			method1
HDAC1	GSE140325			method1
HDAC2	GSE140325			method1
YY1	ENCSR000BKU	30.89	26.61	method1
SRF	ENCSR000BLK			method1
CEBPB	ENCSR000BRQ	9.00	7.18	method1
NR3C1	ERP007081	3.34	2.94	method1
NFYB	GSE26439	11.37	4.51	method1
NFYA	GSE26439	3.77	1.41	method1
ERG	GSE23730	26.06	17.97	method1
TRIM28	ENCSR000BRW			method1
NR2F2	ENCSR000BRS			method1
BRD4	GSE99178			method1
BRD4	GSE138084			method1
BRD2	GSE138084			method1
BRD3	GSE138084			method1
ZFX	ENCSR920ASP			method1
PHF8	ENCSR000AQH			method1
PML	ENCSR000BQY			method1
ZNF18	GSE97661			method1
NRF1	GSE97661	5.25	1.64	method1
NFIA	GSE97661	33.71	32.26	method1
ZMYM3	GSE97661			method1
MED1	GSE97661			method1
ZNF639	GSE97661			method1
ZNF410	GSE97661			method1
FOXO3	GSE97661			method1
ZNF75A	GSE97661			method1
EZH2	GSE97661			method1
DPF1	GSE97661			method1
CTCF	GSE70482	40.10	38.92	method1
SPI1	GSE70482	1.05	0.90	method1
REST	GSE70482	0.89	0.15	method1
TBP	GSE55306			method1
GTF2F1	ENCSR377BLZ			method1
CREB1	ENCSR000BSO	10.25	4.85	method1
HNRNPLL	ENCSR112RNT			method1
NELFE	GSE112379			method1
NELFA	GSE112379			method1
SMAD5	ENCSR000FCD	5.53	4.86	method1
SIN3A	ENCSR920BLG			method1
TAF1	ENCSR000BKS	12.23	10.24	method1
CREM	ENCSR077DKV	8.95	5.44	method1
KDM4B	ENCSR642VZY			method1
SMAD1	ENCSR038DJJ			method1
HDAC1	ENCSR000AQF			method1
ZBTB7A	GSE103445	12.34	11.06	method1
E2F1	ENCSR720HUL	7.62	6.52	method1
YY1	ENCSR000BMH	34.57	27.10	method1
KDM5B	ENCSR000AQA			method1
ZKSCAN1	ENCSR882ERE	12.40	11.08	method1
GFI1B	ENCSR509GDT			method1
NEUROD1	ENCSR986CDX	1.48	1.19	method1
TBP	ENCSR000EHA			method1
ATF3	ENCSR000BNU	8.09	3.71	method1
NFYB	ENCSR000EGQ	13.27	4.01	method1
HCFC1	ENCSR000EFN			method1
ZHX1	ENCSR557RVF			method1
MBD2	ENCSR221GAN	24.93	22.88	method1
RBBP5	ENCSR000AQI			method1
MYC	ENCSR000EZV	4.92	3.98	method1
SIN3B	ENCSR887ZEN			method1
NFE2L2	ENCSR485GKE			method1
YY1	ENCSR000EWF	46.79	25.95	method1
THAP1	ENCSR000BNN			method1
JUND	ENCSR000EGN	5.27	4.46	method1
MAZ	ENCSR000EFX	64.05	59.46	method1
MAZ	ENCSR163IUV	65.76	60.99	method1
CHD2	ENCSR000EHD			method1
JUNB	ENCSR000DJY	4.12	2.95	method1
CTCF	GSE92879	42.43	40.27	method1
REST	ENCSR000BMW	0.50	0.18	method1
ZMIZ1	ENCSR000EFQ			method1
TBL1XR1	ENCSR000EGB			method1
ATF1	ENCSR159OCC	35.56	15.83	method1
EGR1	ENCSR000BNE	33.70	26.87	method1
MYC	ENCSR000DLZ	4.50	4.05	method1
TAL1	ENCSR000EHB	1.02	0.79	method1
ZBTB12	ENCSR172OSX	31.18	27.64	method1
NFE2	ENCSR000FCC	2.14	1.28	method1
ATF1	ENCSR000DNZ	23.39	15.48	method1
UBTF	ENCSR000EFZ			method1
ATF2	ENCSR869IUD	12.40	6.72	method1
JUN	ENCSR000FAH	3.37	2.36	method1
PRPF4	ENCSR220YXI			method1
CTCF	ENCSR000EGM	42.32	40.67	method1
JUN	ENCSR000EFS	3.06	2.33	method1
MYC	ENCSR000EGS	4.34	3.86	method1
CBX1	ENCSR948QLZ			method1
ATF3	ENCSR000DOG	15.06	3.57	method1
IRF1	ENCSR000EGT			method1
E2F4	ENCSR000EWL	0.41	0.27	method1
RFX5	ENCSR000EGO	8.18	5.93	method1
NRF1	ENCSR837EYC	3.57	1.56	method1
EP300	ENCSR000EGE			method1
CEBPD	ENCSR000BVY	13.65	12.58	method1
MYC	ENCSR000FAG	4.21	3.78	method1
HMGN3	ENCSR000DOB			method1
SIN3A	ENCSR000BLR			method1
ZNF639	ENCSR845BCL			method1
NFYA	ENCSR000EGR	11.67	1.55	method1
CCNT2	ENCSR000DOA			method1
GABPA	ENCSR000BLO	35.34	22.92	method1
IRF2	ENCSR376WCJ	0.45	0.14	method1
ETS1	ENCSR000BKQ	2.78	1.73	method1
ZNF384	ENCSR000EFP	32.25	31.12	method1
MXI1	ENCSR000EGZ			method1
ELF1	ENCSR000BMD	33.68	22.68	method1
BHLHE40	ENCSR000EGV	7.02	4.33	method1
SP1	ENCSR000BKO	17.54	11.77	method1
TCF7	ENCSR863KUB			method1
AGO1	ENCSR641BSL			method1
FOS	ENCSR000FAI	6.02	3.54	method1
ZBED1	ENCSR286PCG	0.26	0.17	method1
CBX5	ENCSR272JAT			method1
USF1	ENCSR000BKT	3.53	1.55	method1
MAFK	ENCSR000EGX	0.40	0.23	method1
CTCF	ENCSR000DWE	42.16	40.10	method1
RB1	ENCSR506CVF			method1
TARDBP	ENCSR353HEP			method1
SREBF1	ENCSR815ZDS	11.14	6.27	method1
MAFF	ENCSR000EGI	4.11	3.13	method1
CTCFL	ENCSR000BNK	48.56	44.03	method1
MYC	ENCSR000FAZ	5.37	3.88	method1
MYC	ENCSR000EZU	4.27	3.76	method1
CEBPB	ENCSR000EHE	9.00	7.27	method1
IKZF1	ENCSR395HWC			method1
NCOA1	ENCSR711SNW			method1
ILF3	GSE103215			method1
ZSCAN29	ENCSR175SZH	1.01	0.75	method1
ZSCAN29	ENCSR635EXI			method1
CREBBP	ENCSR000ATT			method1
NR2C2	ENCSR750LYM	8.50	7.14	method1
GABPA	ENCSR290MUH	41.85	22.08	method1
ZBTB11	ENCSR706BJO			method1
ZBTB7A	ENCSR000BME	14.19	12.68	method1
ZBTB11	ENCSR331GDC			method1
UBTF	ENCSR000EFW			method1
CBFA2T2	ENCSR699PVC			method1
GATA2	ENCSR000EWG	10.59	8.48	method1
KDM1A	ENCSR908CMW			method1
MAX	ENCSR000FAE	3.41	2.28	method1
GMEB1	ENCSR928KOR			method1
BCOR	ENCSR808AKZ			method1
MCM7	ENCSR038RGL			method1
MTA1	ENCSR807BGP			method1
GATA1	GSE107726	8.54	7.71	method1
TAL1	GSE107726	1.07	0.82	method1
GATA1	GSE132212	8.76	7.98	method1
CTCF	GSE132212	39.50	37.66	method1
TAL1	GSE132212	0.98	0.83	method1
ZNF263	ENCSR000EWN	66.98	61.55	method1
NFXL1	ENCSR085DDI			method1
SAFB	ENCSR072VUO			method1
CTCF	GSE140868	40.61	38.84	method1
RAD21	GSE140868			method1
HNRNPL	ENCSR594BNR			method1
XRCC5	ENCSR506KWJ			method1
SMC3	ENCSR000EGW			method1
ZFP36	ENCSR776CYN			method1
RBM25	ENCSR791OZM			method1
CBX2	ENCSR000ATU			method1
RNF2	ENCSR820GND			method1
CBX8	ENCSR000ATW			method1
ZNF512	ENCSR591CCL			method1
NR3C1	ENCSR494UQJ			method1
BCLAF1	ENCSR492LTS			method1
ELF1	ENCSR502OEK	45.60	23.71	method1
ARHGAP35	ENCSR571BUF			method1
MLLT1	ENCSR107GRP			method1
ZNF280A	ENCSR370NFS	0.78	0.48	method1
MLLT1	ENCSR675LRO			method1
YBX1	ENCSR107RHZ			method1
SMARCA4	ENCSR643VTW			method1
ARID2	ENCSR491EBY			method1
NCOA4	ENCSR119ULQ			method1
HDAC1	ENCSR387UWP			method1
RNF2	ENCSR138FUZ			method1
E4F1	ENCSR731LHZ	1.17	0.44	method1
GABPB1	ENCSR138YYY			method1
ETV1	ENCSR277DMR	33.51	15.37	method1
GMEB1	ENCSR376RCX			method1
SRSF3	ENCSR268QIQ			method1
BMI1	ENCSR782WRO			method1
ZNF3	ENCSR195QFV	22.09	21.24	method1
KDM1A	GSE117944			method1
GFI1B	GSE117944			method1
CTNNB1	GSE117944			method1
NR2F1	ENCSR970NKQ	5.35	4.28	method1
BRD2	GSE120715			method1
BRD3	GSE120715			method1
BRD4	GSE120715			method1
PKNOX1	ENCSR115SMW			method1
ZNF316	ENCSR200JYP			method1
TFDP1	ENCSR224IKA	4.77	3.24	method1
MTA3	ENCSR180NCY			method1
USF2	GSE111469	1.41	0.52	method1
PLAG1	GSE111469	1.04	0.81	method1
MYNN	ENCSR737LTZ	0.37	0.27	method1
VEZF1	ENCSR189YMA	33.13	29.69	method1
HNRNPK	ENCSR014RCS			method1
ZNF257	ENCSR492FKD	57.83	51.01	method1
DEAF1	ENCSR387SYS			method1
RB1	ENCSR670JDQ			method1
ZNF639	ENCSR949NVY			method1
MGA	ENCSR710WLO			method1
MNT	ENCSR390VGH	19.36	16.34	method1
NRF1	ENCSR998AJK	3.50	1.59	method1
NRF1	ENCSR494TDU	3.87	1.69	method1
PHF20	ENCSR594SMP			method1
ZFP91	ENCSR898XMH			method1
TRIM28	ENCSR474CVP			method1
ZNF24	ENCSR099NCH			method1
GATAD2A	ENCSR160QYK			method1
PCBP1	ENCSR052PTN			method1
FIP1L1	ENCSR177DNR			method1
U2AF1	ENCSR690GUG			method1
NONO	ENCSR415TXN			method1
GTF2F1	ENCSR189VXS			method1
FUS	ENCSR051DXE			method1
FOSL1	ENCSR000BMV	12.67	11.17	method1
CBX2	GSE121182			method1
CBX8	GSE121182			method1
TFDP1	ENCSR017GBO	5.88	3.05	method1
PTBP1	ENCSR948KMB			method1
RNF2	ENCSR076YPO			method1
ZNF282	ENCSR742TMU			method1
CTCF	GSE110681	41.07	38.95	method1
STAG1	ENCSR153HNT			method1
E2F3	ENCSR036QIR	0.60	0.32	method1
GATAD2B	ENCSR547LKC			method1
ELK1	ENCSR338QAC	37.86	9.96	method1
REST	ENCSR137ZMQ	0.32	0.14	method1
SOX6	ENCSR788RSW	31.22	29.91	method1
NONO	ENCSR010KFT			method1
SPI1	GSE74999	1.27	0.82	method1
NR4A1	ENCSR692RET			method1
ZNF143	ENCSR000EGP	3.16	2.32	method1
TBL1XR1	ENCSR000EGA			method1
E2F5	ENCSR709DRM	11.27	7.79	method1
RCOR1	ENCSR000EGC			method1
IRF1	GSE129380	0.52	0.18	method1
BCLAF1	ENCSR000BKH			method1
GTF2F1	ENCSR000EHC			method1
RUNX1	ENCSR588AKU			method1
WDR5	GSE115377			method1
ZNF24	ENCSR385AHH			method1
POU5F1	ENCSR364SNE			method1
KLF16	ENCSR760UVO			method1
HDAC2	ENCSR000AQG			method1
SUZ12	ENCSR412CTM			method1
TAF7	ENCSR000BNM			method1
PRMT5	ENCSR625ZVM			method1
MTA2	ENCSR411UYA			method1
RBM14	ENCSR423FCW			method1
ZBTB33	ENCSR000BKF	27.40	5.91	method1
ID3	ENCSR005NMT			method1
HDGF	ENCSR563YDA			method1
SPI1	ENCSR000BGW	1.18	0.88	method1
ATF7	ENCSR972ZBV	5.96	3.08	method1
ZNF184	ENCSR621ATC			method1
SMARCC2	ENCSR519WMW			method1
NCOR1	ENCSR798ILC			method1
CBFA2T3	ENCSR697YLJ			method1
PBX2	ENCSR263DFP	0.29	0.22	method1
MEIS2	ENCSR851BNE			method1
ZEB2	ENCSR004GKA			method1
FOSL1	ENCSR239ZLZ	13.70	11.53	method1
ZNF148	ENCSR018MSO			method1
ARID3A	ENCSR000EFY			method1
ZEB2	ENCSR322CFO			method1
TCF3	ENCSR970OJY			method1
CUX1	ENCSR000EFO	15.11	12.05	method1
KLF13	ENCSR608HVP	13.81	10.39	method1
REST	ENCSR000ATM	1.47	0.15	method1
ATF1	ENCSR091GVJ	17.88	15.77	method1
ZMYM3	ENCSR102KIN			method1
ZNF436	ENCSR335SUD	21.74	15.68	method1
MITF	ENCSR000FCB	10.82	4.07	method1
SUZ12	ENCSR000AUC			method1
KDM1A	ENCSR000ATX			method1
RBM39	ENCSR764OXF			method1
DACH1	ENCSR030TJP			method1
CEBPG	ENCSR490LWA	7.47	6.46	method1
HDAC8	ENCSR835TCD			method1
HDAC8	ENCSR000DJZ			method1
NR2F6	ENCSR707QWA			method1
NCOR1	ENCSR000ATY			method1
SMARCA4	ENCSR587OQL			method1
HOXB8	GSE121208			method1
TARDBP	ENCSR033VAZ			method1
FOXM1	ENCSR429QPP			method1
MNT	ENCSR979QYJ	23.19	16.66	method1
PBX2	ENCSR633EIC			method1
RLF	ENCSR718SDE			method1
SMAD2	ENCSR189PYJ			method1
PHF21A	ENCSR119VCX			method1
STAT5A	ENCSR000BRR	28.53	25.90	method1
PAX8	ENCSR274CGK	0.74	0.27	method1
HDAC2	ENCSR000BMG			method1
STAT1	ENCSR000EHJ	1.17	0.45	method1
GTF3C2	ENCSR000DOD			method1
SIX5	ENCSR000BNW	34.73	25.30	method1
JUN	ENCSR000EGH	4.32	2.30	method1
NSD2	ENCSR000AVE			method1
GATA1	ENCSR000EWM	7.23	6.57	method1
CHD1	ENCSR000AQD			method1
SIN3B	ENCSR657JLK			method1
ZMIZ1	ENCSR907JPB			method1
SAP30	ENCSR000AQJ			method1
EZH2	ENCSR000AQE			method1
NFIX	ENCSR574VJG	9.23	6.68	method1
TAF15	ENCSR047LSJ			method1
MITF	ENCSR797SWM	6.91	3.71	method1
USF2	ENCSR578KEN	1.36	0.33	method1
MIER1	ENCSR426MDV			method1
ZBTB5	ENCSR786OQY			method1
CC2D1A	ENCSR343IFJ			method1
HINFP	ENCSR619GFP			method1
KLF1	ENCSR550HCT	22.86	19.79	method1
NBN	ENCSR085QEV			method1
ZNF740	ENCSR737UST	64.30	50.35	method1
CHD7	ENCSR000AVD			method1
ESRRA	ENCSR486IFJ	29.78	26.00	method1
SP1	ENCSR991ELG	19.36	12.62	method1
RUNX1	ENCSR414TYY	5.55	4.03	method1
KDM1A	ENCSR360HRA			method1
TCF7L2	ENCSR888XZK			method1
SIRT6	ENCSR000AUB			method1
CDC5L	ENCSR121PFY			method1
DNMT1	ENCSR987PBI			method1
L3MBTL2	GSE28162			method1
RFX1	ENCSR041AXL	12.00	7.23	method1
ZNF12	ENCSR041YBR	66.74	62.63	method1
RFX1	ENCSR968GIB	11.18	6.85	method1
FOXK2	ENCSR508DQA			method1
TAF7	ENCSR671GFC			method1
YBX3	ENCSR567JEU			method1
ELF4	ENCSR638QHV	22.99	9.56	method1
ZNF143	GSE39263	3.82	2.07	method1
ELK1	ENCSR000EFU	51.51	11.51	method1
ZC3H11A	ENCSR000EFR			method1
CREB3L1	ENCSR109YGM	7.03	5.09	method1
RELA	ENCSR772EEN			method1
ZNF24	ENCSR117WTM			method1
FOS	ENCSR000DKB	5.34	3.48	method1
IRF1	ENCSR854MCV	0.63	0.24	method1
RBM34	ENCSR899GSH			method1
HIF1A	GSE123461	10.00	6.16	method1
EPAS1	GSE123461	3.74	0.92	method1
NR4A1	ENCSR130PDE	7.71	6.83	method1
SRF	ENCSR582IAO	0.12	0.06	method1
NFRKB	ENCSR657EOF			method1
MTA2	ENCSR113LAS			method1
ZNF165	ENCSR172XJS			method1
ARID3B	ENCSR360UHC			method1
ZNF79	ENCSR995FUM			method1
RAD21	ENCSR000FAD			method1
MEF2D	ENCSR647ZXA			method1
MEF2A	ENCSR000BNV	5.70	3.62	method1
ARNT	ENCSR613NUC	0.99	0.80	method1
NFRKB	ENCSR996ESX			method1
PHB2	ENCSR924GXX			method1
SETDB1	ENCSR000EWD			method1
PCBP2	ENCSR603REQ			method1
CHD4	ENCSR000ATL			method1
CEBPZ	ENCSR618GDK	37.09	10.67	method1
BRD4	ENCSR583ACG			method1
CDK8	GSE65138			method1
ZNF274	ENCSR000EVX	9.42	6.87	method1
ZNF583	ENCSR775EQV			method1
GTF2A2	ENCSR801RPW			method1
ATF3	ENCSR632DCH	8.60	4.01	method1
ZNF76	ENCSR257AFV	2.55	0.53	method1
NCOA1	ENCSR931HNY			method1
DIDO1	ENCSR167JBG			method1
TBX18	ENCSR385IUC			method1
CREB3	ENCSR093FKD	11.89	9.22	method1
ZNF324	ENCSR712KVZ			method1
CEBPG	ENCSR620VIC	7.43	6.20	method1
ZNF239	ENCSR606KTL			method1
HIVEP1	ENCSR947PJZ			method1
HOMEZ	ENCSR801JWB			method1
JUNB	ENCSR525VAT	5.55	3.15	method1
ATF4	ENCSR145TSJ	1.38	0.79	method1
ZNF175	ENCSR011PEI			method1
ZNF584	ENCSR149ZBI			method1
SMAD3	ENCSR376XAV			method1
ZNF589	ENCSR603XLW			method1
SHOX2	ENCSR184IQF			method1
JUN	ENCSR000EZW	3.87	2.36	method1
USF2	ENCSR359NFW	1.97	0.35	method1
TEAD1	ENCSR591ASD			method1
JUN	ENCSR000EZX	4.42	2.44	method1
RAD51	ENCSR524BUE			method1
NFE2	ENCSR000FAF	3.77	1.25	method1
ZNF318	ENCSR352BJL			method1
JUN	ENCSR000EZT	4.02	2.37	method1
FOXK2	ENCSR302AWT			method1
TAF9B	ENCSR100UQX			method1
STAT2	ENCSR000FBC	1.68	0.19	method1
JUNB	ENCSR795IYP	5.44	2.96	method1
USF2	ENCSR000EHG	3.80	0.44	method1
RREB1	ENCSR250WFW			method1
ZBTB11	ENCSR985OYK			method1
THRA	ENCSR264CZJ	1.98	0.88	method1
ETV6	ENCSR124BJR	43.29	27.20	method1
ADNP	ENCSR440VKE			method1
ARNT	ENCSR155KHM	1.04	0.72	method1
GATA2	ENCSR000DKA	10.54	9.20	method1
TAL1	ENCSR106FRG	1.00	0.74	method1
TCF12	ENCSR744WOO			method1
GATA2	ENCSR000BKM	10.71	9.24	method1
LDB1	GSE142227			method1
CBFA2T3	GSE142227			method1
STAT1	ENCSR000FAU	3.50	0.53	method1
GATA2	ENCSR257RKC	10.33	8.84	method1
STAT2	ENCSR000FAT	0.81	0.21	method1
GATA1	ENCSR000EFT	8.65	7.52	method1
AFF1	ENCSR426URK			method1
ZNF644	ENCSR729HVR			method1
KLF6	ENCSR297CGF	3.16	2.36	method1
ZNF215	ENCSR699RWG			method1
IRF9	ENCSR926KTP			method1
ZNF311	ENCSR388ZRV	31.59	27.70	method1
MAFG	ENCSR818DQV			method1
NFATC3	ENCSR670FDA	38.60	35.93	method1
HMBOX1	ENCSR757IIU	16.53	13.66	method1
IRF1	ENCSR000EGL	1.46	0.22	method1
ARNT	ENCSR669NFS	1.49	0.75	method1
STAT1	ENCSR000FAV	3.83	0.56	method1
IRF1	ENCSR000EGU	4.63	0.22	method1
IRF1	ENCSR000EGK	1.79	0.20	method1
NRF1	ENCSR000EHH	11.57	1.87	method1
ELF1	ENCSR975SSR	61.33	24.52	method1
HDAC6	ENCSR000ATJ			method1
TP53	GSE131484	14.84	10.61	method1
SP2	ENCSR000BNL	33.08	27.51	method1
NR4A1	ENCSR000DJW	9.26	7.01	method1
ZNF444	ENCSR164RIC	26.99	19.41	method1
HIF1A	GSE142865	9.37	5.18	method1
ZNF407	ENCSR011NOZ			method1
HDAC3	ENCSR024LKA			method1
ZNF764	ENCSR023OOE			method1
MORC2	GSE95374			method1
TASOR	GSE95374			method1
TRIM28	ENCSR000EVY			method1
ZNF445	ENCSR883UGG			method1
ZNF41	ENCSR235PYI	8.14	7.32	method1
ZNF197	ENCSR580IAO			method1
SIX5	ENCSR000BGX	36.97	24.85	method1
KAT2B	ENCSR000ATZ			method1
BCL6	ENCSR802AHH			method1
ZNF83	ENCSR257XVY			method1
ZNF134	ENCSR553NTC	21.73	20.46	method1
ZNF395	ENCSR462QZZ			method1
ZNF507	ENCSR577KQD			method1
TCFL5	ENCSR844JVU			method1
BACH1	ENCSR000EGD	8.92	4.86	method1
DDX20	ENCSR446LAV			method1
TSC22D4	ENCSR787RVK			method1
STAT1	ENCSR000EHK	1.59	0.55	method1
PTTG1	ENCSR314BBS			method1
DDX20	ENCSR382AIB			method1
PTRF	ENCSR126FZN			method1
ZNF700	ENCSR959BQO			method1
CREB5	ENCSR935PEA	11.46	7.07	method1
MCM7	ENCSR542WJU			method1
MCM2	ENCSR552PSV			method1
ZNF319	ENCSR231PDA			method1
PYGO2	ENCSR410DWC			method1
ASH1L	ENCSR115BBC			method1
ZNF740	ENCSR532EMP			method1
CBX3	ENCSR000ATV			method1
SRSF7	ENCSR222MYK			method1
ZNF408	ENCSR758PLU			method1
HNRNPUL1	ENCSR296MXW			method1
SNRNP70	ENCSR754ZHU			method1
E2F1	ENCSR563LLO	14.67	8.54	method1
NFE2	ENCSR552YGL	2.23	1.23	method1
NCOA2	ENCSR349TZO			method1
THRAP3	ENCSR871TKJ			method1
CCAR2	ENCSR598GER			method1
NCOA6	ENCSR168CEE			method1
E2F7	ENCSR171CAY	4.24	0.28	method1
ILF3	ENCSR632TJQ			method1
ZNF407	ENCSR439OCL			method1
PYGO2	ENCSR431XGJ			method1
ATRX	GSE70920			method1
BCLAF1	ENCSR792IYC			method1
MCM5	ENCSR079WHK			method1
MCM7	ENCSR068VRA			method1
TRIP13	ENCSR154EIH			method1
RBM15	ENCSR850WUE			method1
ETV6	ENCSR000FCE	38.92	24.01	method1
EP300	ENCSR000EGY			method1
SETDB1	ENCSR000AUT			method1
PATZ1	ENCSR549PVK			method1
LEF1	ENCSR832OGB			method1
ZNF830	ENCSR033NQK			method1
GTF2B	ENCSR000DOE			method1
TSHZ1	ENCSR958JPH			method1
ZNF354B	ENCSR044IXA			method1
MYBL2	ENCSR162IEM	10.43	4.72	method1
ZZZ3	ENCSR780BBJ			method1
EWSR1	ENCSR142YYA			method1
ZKSCAN8	ENCSR448UKK			method1
BACH1	ENCSR740NPG	7.76	5.39	method1
TEAD2	ENCSR635GTR	4.60	2.85	method1
NFE2L1	ENCSR632SHZ			method1
ZBTB40	ENCSR158RYZ			method1
ILK	ENCSR648INT			method1
ZNF23	ENCSR898IDK			method1
ZNF174	ENCSR056VYW			method1
ZNF133	ENCSR619UPN			method1
KLF10	ENCSR121SPB			method1
ZNF397	ENCSR508EEX			method1
ZNF696	ENCSR276RQG			method1
SMARCB1	ENCSR000EHN			method1
TOP2A	GSE79593			method1
CHAMP1	ENCSR065XVO			method1
ZNF318	ENCSR334HSW			method1
ZNF507	ENCSR598TIR			method1
ZNF766	ENCSR194IJN			method1
HDAC1	ENCSR568PGX			method1
XRCC3	ENCSR997NGQ			method1
ZKSCAN3	ENCSR199HGP			method1
CUX1	GSE92882	16.26	13.60	method1
FOXA1	ENCSR819LHG			method1
NCOA2	ENCSR803EKW			method1
CHAMP1	ENCSR315NNL			method1
ZNF830	ENCSR851XLW			method1
SIRT6	ENCSR000DOH			method1
BRCA1	ENCSR223MLH			method1
ZNF354B	ENCSR674SCQ			method1
NR3C1	ENCSR325DER			method1
FOXJ2	ENCSR847LBF			method1
KAT8	ENCSR086FZL			method1
CLOCK	ENCSR228OQM	28.54	16.86	method1
ESRRB	ENCSR264LYE			method1
HEY1	ENCSR405KTQ			method1
ZNF77	ENCSR844MAB	28.47	19.11	method1
BDP1	ENCSR000DOK			method1
ZNF253	ENCSR271RRH			method1
DLX4	ENCSR017EJY			method1
EP300	ENCSR000AQB			method1
BRF1	ENCSR000DOJ			method1
MYB	GSE124541	1.90	1.85	method1
EP400	ENCSR817QKV			method2
NCOA1	ENCSR658WFQ			method2
ZBTB40	ENCSR237VLT			method2
SMARCE1	ENCSR157TCS			method2
AFF1	ENCSR241LIH			method2
ZNF184	ENCSR546IHU	33.29	25.57	method2
E2F8	ENCSR953DVM	27.95	16.82	method2
NR2C1	ENCSR742IDN	4.15	2.33	method2
PRDM10	ENCSR120MPG			method2
MNT	ENCSR512NLO	25.59	18.44	method2
NUFIP1	ENCSR574XEO			method2
TRIM24	ENCSR907MZR			method2
TCF12	ENCSR189TRZ			method2
LEF1	ENCSR343ELW			method2
ZNF24	ENCSR695EQB			method2
MCM3	ENCSR990AZC			method2
NONO	ENCSR886RYH			method2
TRIM24	ENCSR957LDM			method2
SNIP1	ENCSR654CQU			method2
EHMT2	ENCSR175EOM			method2
HDAC1	ENCSR711VWL			method2
NFATC3	ENCSR051OUX	37.36	30.97	method2
MCM5	ENCSR628APV			method2
ZBTB5	ENCSR389PWB			method2
ZBTB33	ENCSR876GXA	6.15	5.05	method2
EGR1	ENCSR211LTF	52.67	36.13	method2
ZNF639	ENCSR497VFH			method2
EGR1	ENCSR024CNP	57.53	37.46	method2
NR2C1	ENCSR178DEG	3.71	2.26	method2
HDAC2	ENCSR893WSB			method2
MTA3	ENCSR914NEI			method2
ZNF592	ENCSR249BHQ			method2
HES1	ENCSR091JXL	54.93	37.61	method2
HDGF	ENCSR197ALX			method2
DPF2	ENCSR219BXP			method2
NCOR1	ENCSR298JCG			method2
ZBTB2	ENCSR230PTV	13.11	6.99	method2
L3MBTL2	ENCSR530XQI			method2
CTBP1	ENCSR201NQZ			method2
SKIL	ENCSR336DXE			method2
SMARCA5	ENCSR895HSJ			method2
ATF3	ENCSR028UIU	20.87	3.63	method2
NCOR1	ENCSR910JAI			method2
NFIC	ENCSR796ITY			method2
ARID1B	ENCSR822CCM			method2
HDAC2	ENCSR075HTM			method2
BRD9	ENCSR177XCS			method2
CTCF	GSE137216	71.38	55.96	method2
CTCF	ENCSR000AKO	71.10	56.13	method2
CTCF	GSE70764	77.82	67.40	method2
CTCFL	GSE70764	71.64	64.40	method2
CTCF	ENCSR000BPJ	72.21	55.19	method2
CTCF	ENCSR000DMA	72.14	56.77	method2
SETDB1	ENCSR000EWI			method2
RAD21	ENCSR000BKV			method2
E2F6	ENCSR000EWJ	74.85	69.28	method2
MYC	ENCSR000EGJ			method2
E2F6	ENCSR000BLI	77.51	70.04	method2
RBFOX2	ENCSR822LBD			method2
RBFOX2	GSE120104			method2
TARDBP	GSE120104			method2
PCBP2	GSE120104			method2
TAF15	GSE120104			method2
PRPF4	GSE120104			method2
SNRNP70	GSE120104			method2
RBM22	GSE120104			method2
AGO1	GSE120104			method2
HNRNPL	GSE120104			method2
HNRNPK	GSE120104			method2
RBM39	GSE120104			method2
GTF2F1	GSE120104			method2
FUS	GSE120104			method2
SRSF1	GSE120104			method2
HNRNPLL	GSE120104			method2
HNRNPUL1	GSE120104			method2
PTBP1	GSE120104			method2
XRCC5	GSE120104			method2
SAFB	GSE120104			method2
FIP1L1	GSE120104			method2
PCBP1	GSE120104			method2
SRSF4	GSE120104			method2
SRSF3	GSE120104			method2
U2AF1	GSE120104			method2
NONO	GSE120104			method2
HNRNPC	GSE120104			method2
SRSF7	GSE120104			method2
CCAR2	GSE120104			method2
SAFB2	GSE120104			method2
SRSF9	GSE120104			method2
MAX	ENCSR000EFV			method2
CTCF	GSE131349	73.53	55.82	method2
CTCF	GSE90691	82.23	59.64	method2
TARDBP	ENCSR429XTR			method2
ZNF281	GSE121133	76.24	61.48	method2
ZNF148	GSE121133			method2
RBM22	ENCSR848AOP			method2
BRD3	GSE140325			method2
BRD2	GSE140325			method2
BRD4	GSE140325			method2
HDAC1	GSE140325			method2
HDAC2	GSE140325			method2
YY1	ENCSR000BKU	37.48	25.31	method2
SRF	ENCSR000BLK	0.20	0.04	method2
CEBPB	ENCSR000BRQ	16.53	6.20	method2
NR3C1	ERP007081			method2
NFYB	GSE26439	20.39	5.68	method2
NFYA	GSE26439	7.05	1.76	method2
ERG	GSE23730	35.70	19.25	method2
TRIM28	ENCSR000BRW			method2
NR2F2	ENCSR000BRS			method2
BRD4	GSE99178			method2
BRD4	GSE138084			method2
BRD2	GSE138084			method2
BRD3	GSE138084			method2
ZFX	ENCSR920ASP			method2
PHF8	ENCSR000AQH			method2
PML	ENCSR000BQY			method2
ZNF18	GSE97661			method2
NRF1	GSE97661	9.39	2.09	method2
NFIA	GSE97661	34.63	30.83	method2
ZMYM3	GSE97661			method2
MED1	GSE97661			method2
ZNF639	GSE97661			method2
ZNF410	GSE97661			method2
FOXO3	GSE97661			method2
ZNF75A	GSE97661	14.98	13.54	method2
EZH2	GSE97661			method2
DPF1	GSE97661			method2
CTCF	GSE70482	73.23	58.34	method2
SPI1	GSE70482	1.35	0.60	method2
REST	GSE70482	1.12	0.22	method2
TBP	GSE55306			method2
GTF2F1	ENCSR377BLZ			method2
CREB1	ENCSR000BSO	16.21	6.02	method2
HNRNPLL	ENCSR112RNT			method2
NELFE	GSE112379			method2
NELFA	GSE112379			method2
SMAD5	ENCSR000FCD	5.48	4.84	method2
SIN3A	ENCSR920BLG			method2
TAF1	ENCSR000BKS	15.67	12.66	method2
CREM	ENCSR077DKV	14.99	6.85	method2
KDM4B	ENCSR642VZY			method2
SMAD1	ENCSR038DJJ			method2
HDAC1	ENCSR000AQF			method2
ZBTB7A	GSE103445	16.91	14.36	method2
E2F1	ENCSR720HUL	12.36	9.18	method2
YY1	ENCSR000BMH	44.27	25.57	method2
KDM5B	ENCSR000AQA			method2
ZKSCAN1	ENCSR882ERE	12.94	10.55	method2
GFI1B	ENCSR509GDT			method2
NEUROD1	ENCSR986CDX			method2
TBP	ENCSR000EHA			method2
ATF3	ENCSR000BNU	13.34	3.51	method2
NFYB	ENCSR000EGQ	35.77	5.49	method2
HCFC1	ENCSR000EFN			method2
ZHX1	ENCSR557RVF			method2
MBD2	ENCSR221GAN	31.38	28.70	method2
RBBP5	ENCSR000AQI			method2
MYC	ENCSR000EZV	6.38	4.42	method2
SIN3B	ENCSR887ZEN			method2
NFE2L2	ENCSR485GKE			method2
YY1	ENCSR000EWF	66.47	25.52	method2
THAP1	ENCSR000BNN	0.20	0.12	method2
JUND	ENCSR000EGN	5.94	4.47	method2
MAZ	ENCSR000EFX	81.02	73.13	method2
MAZ	ENCSR163IUV	81.36	73.64	method2
CHD2	ENCSR000EHD			method2
JUNB	ENCSR000DJY	6.16	2.70	method2
CTCF	GSE92879	77.47	57.98	method2
REST	ENCSR000BMW	0.42	0.24	method2
ZMIZ1	ENCSR000EFQ			method2
TBL1XR1	ENCSR000EGB			method2
ATF1	ENCSR159OCC	45.32	16.36	method2
EGR1	ENCSR000BNE	54.63	38.44	method2
MYC	ENCSR000DLZ	5.27	4.59	method2
TAL1	ENCSR000EHB			method2
ZBTB12	ENCSR172OSX	30.81	28.42	method2
NFE2	ENCSR000FCC	5.93	1.26	method2
ATF1	ENCSR000DNZ	46.24	16.38	method2
UBTF	ENCSR000EFZ			method2
ATF2	ENCSR869IUD	43.75	6.67	method2
JUN	ENCSR000FAH	5.98	2.27	method2
PRPF4	ENCSR220YXI			method2
CTCF	ENCSR000EGM	73.47	60.06	method2
JUN	ENCSR000EFS	3.67	2.27	method2
MYC	ENCSR000EGS	5.21	4.49	method2
CBX1	ENCSR948QLZ			method2
ATF3	ENCSR000DOG	21.48	3.67	method2
IRF1	ENCSR000EGT			method2
E2F4	ENCSR000EWL	0.51	0.30	method2
RFX5	ENCSR000EGO	10.49	6.06	method2
NRF1	ENCSR837EYC	6.53	2.25	method2
EP300	ENCSR000EGE			method2
CEBPD	ENCSR000BVY	13.35	9.60	method2
MYC	ENCSR000FAG	5.28	4.39	method2
HMGN3	ENCSR000DOB			method2
SIN3A	ENCSR000BLR			method2
ZNF639	ENCSR845BCL			method2
NFYA	ENCSR000EGR	22.01	1.77	method2
CCNT2	ENCSR000DOA			method2
GABPA	ENCSR000BLO	53.59	25.92	method2
IRF2	ENCSR376WCJ	0.59	0.11	method2
ETS1	ENCSR000BKQ	3.62	1.93	method2
ZNF384	ENCSR000EFP	25.01	23.10	method2
MXI1	ENCSR000EGZ	7.02	5.47	method2
ELF1	ENCSR000BMD	55.98	25.93	method2
BHLHE40	ENCSR000EGV	12.52	5.16	method2
SP1	ENCSR000BKO	22.63	14.11	method2
TCF7	ENCSR863KUB			method2
AGO1	ENCSR641BSL			method2
FOS	ENCSR000FAI	8.08	3.74	method2
ZBED1	ENCSR286PCG	0.46	0.22	method2
CBX5	ENCSR272JAT			method2
USF1	ENCSR000BKT	10.91	2.23	method2
MAFK	ENCSR000EGX	1.64	0.22	method2
CTCF	ENCSR000DWE	74.85	58.02	method2
RB1	ENCSR506CVF			method2
TARDBP	ENCSR353HEP			method2
SREBF1	ENCSR815ZDS	16.52	6.86	method2
MAFF	ENCSR000EGI	10.71	2.92	method2
CTCFL	ENCSR000BNK	77.03	60.90	method2
MYC	ENCSR000FAZ	7.53	4.32	method2
MYC	ENCSR000EZU	5.42	4.38	method2
CEBPB	ENCSR000EHE	18.47	6.15	method2
IKZF1	ENCSR395HWC			method2
NCOA1	ENCSR711SNW			method2
ILF3	GSE103215			method2
ZSCAN29	ENCSR175SZH	1.52	1.00	method2
ZSCAN29	ENCSR635EXI	1.89	0.96	method2
CREBBP	ENCSR000ATT			method2
NR2C2	ENCSR750LYM	13.64	8.77	method2
GABPA	ENCSR290MUH	69.83	25.76	method2
ZBTB11	ENCSR706BJO			method2
ZBTB7A	ENCSR000BME	18.34	15.44	method2
ZBTB11	ENCSR331GDC			method2
UBTF	ENCSR000EFW			method2
CBFA2T2	ENCSR699PVC			method2
GATA2	ENCSR000EWG	18.19	7.19	method2
KDM1A	ENCSR908CMW			method2
MAX	ENCSR000FAE	6.61	2.88	method2
GMEB1	ENCSR928KOR			method2
BCOR	ENCSR808AKZ			method2
MCM7	ENCSR038RGL			method2
MTA1	ENCSR807BGP			method2
GATA1	GSE107726	8.40	5.59	method2
TAL1	GSE107726			method2
GATA1	GSE132212	9.70	6.10	method2
CTCF	GSE132212	72.96	55.49	method2
TAL1	GSE132212			method2
ZNF263	ENCSR000EWN	74.39	69.66	method2
NFXL1	ENCSR085DDI			method2
SAFB	ENCSR072VUO			method2
CTCF	GSE140868	74.57	58.75	method2
RAD21	GSE140868			method2
HNRNPL	ENCSR594BNR			method2
XRCC5	ENCSR506KWJ			method2
SMC3	ENCSR000EGW			method2
ZFP36	ENCSR776CYN			method2
RBM25	ENCSR791OZM			method2
CBX2	ENCSR000ATU			method2
RNF2	ENCSR820GND			method2
CBX8	ENCSR000ATW			method2
ZNF512	ENCSR591CCL			method2
NR3C1	ENCSR494UQJ			method2
BCLAF1	ENCSR492LTS			method2
ELF1	ENCSR502OEK	71.95	26.09	method2
ARHGAP35	ENCSR571BUF			method2
MLLT1	ENCSR107GRP			method2
ZNF280A	ENCSR370NFS	4.59	0.55	method2
MLLT1	ENCSR675LRO			method2
YBX1	ENCSR107RHZ			method2
SMARCA4	ENCSR643VTW			method2
ARID2	ENCSR491EBY			method2
NCOA4	ENCSR119ULQ			method2
HDAC1	ENCSR387UWP			method2
RNF2	ENCSR138FUZ			method2
E4F1	ENCSR731LHZ	2.15	0.66	method2
GABPB1	ENCSR138YYY			method2
ETV1	ENCSR277DMR	68.55	18.86	method2
GMEB1	ENCSR376RCX			method2
SRSF3	ENCSR268QIQ			method2
BMI1	ENCSR782WRO			method2
ZNF3	ENCSR195QFV			method2
KDM1A	GSE117944			method2
GFI1B	GSE117944			method2
CTNNB1	GSE117944			method2
NR2F1	ENCSR970NKQ	9.52	4.97	method2
BRD2	GSE120715			method2
BRD3	GSE120715			method2
BRD4	GSE120715			method2
PKNOX1	ENCSR115SMW	2.17	1.85	method2
ZNF316	ENCSR200JYP			method2
TFDP1	ENCSR224IKA	6.91	4.08	method2
MTA3	ENCSR180NCY			method2
USF2	GSE111469	4.75	0.73	method2
PLAG1	GSE111469			method2
MYNN	ENCSR737LTZ	0.31	0.21	method2
VEZF1	ENCSR189YMA	41.19	36.80	method2
HNRNPK	ENCSR014RCS			method2
ZNF257	ENCSR492FKD	64.56	53.16	method2
DEAF1	ENCSR387SYS			method2
RB1	ENCSR670JDQ			method2
ZNF639	ENCSR949NVY			method2
MGA	ENCSR710WLO			method2
MNT	ENCSR390VGH	24.11	18.37	method2
NRF1	ENCSR998AJK	5.99	2.20	method2
NRF1	ENCSR494TDU	6.47	2.18	method2
PHF20	ENCSR594SMP			method2
ZFP91	ENCSR898XMH			method2
TRIM28	ENCSR474CVP			method2
ZNF24	ENCSR099NCH			method2
GATAD2A	ENCSR160QYK			method2
PCBP1	ENCSR052PTN			method2
FIP1L1	ENCSR177DNR			method2
U2AF1	ENCSR690GUG			method2
NONO	ENCSR415TXN			method2
GTF2F1	ENCSR189VXS			method2
FUS	ENCSR051DXE			method2
FOSL1	ENCSR000BMV			method2
CBX2	GSE121182			method2
CBX8	GSE121182			method2
TFDP1	ENCSR017GBO	8.61	3.94	method2
PTBP1	ENCSR948KMB			method2
RNF2	ENCSR076YPO			method2
ZNF282	ENCSR742TMU			method2
CTCF	GSE110681	72.26	53.24	method2
STAG1	ENCSR153HNT			method2
E2F3	ENCSR036QIR	0.90	0.37	method2
GATAD2B	ENCSR547LKC			method2
ELK1	ENCSR338QAC	69.01	12.48	method2
REST	ENCSR137ZMQ	0.48	0.22	method2
SOX6	ENCSR788RSW	21.62	20.83	method2
NONO	ENCSR010KFT			method2
SPI1	GSE74999	2.43	0.66	method2
NR4A1	ENCSR692RET			method2
ZNF143	ENCSR000EGP	7.23	2.50	method2
TBL1XR1	ENCSR000EGA			method2
E2F5	ENCSR709DRM	22.20	11.87	method2
RCOR1	ENCSR000EGC			method2
IRF1	GSE129380	1.00	0.14	method2
BCLAF1	ENCSR000BKH			method2
GTF2F1	ENCSR000EHC			method2
RUNX1	ENCSR588AKU			method2
WDR5	GSE115377			method2
ZNF24	ENCSR385AHH			method2
POU5F1	ENCSR364SNE	2.47	2.00	method2
KLF16	ENCSR760UVO			method2
HDAC2	ENCSR000AQG			method2
SUZ12	ENCSR412CTM			method2
TAF7	ENCSR000BNM			method2
PRMT5	ENCSR625ZVM			method2
MTA2	ENCSR411UYA			method2
RBM14	ENCSR423FCW			method2
ZBTB33	ENCSR000BKF	55.23	7.29	method2
ID3	ENCSR005NMT			method2
HDGF	ENCSR563YDA			method2
SPI1	ENCSR000BGW	2.46	0.70	method2
ATF7	ENCSR972ZBV	8.27	3.24	method2
ZNF184	ENCSR621ATC			method2
SMARCC2	ENCSR519WMW			method2
NCOR1	ENCSR798ILC			method2
CBFA2T3	ENCSR697YLJ			method2
PBX2	ENCSR263DFP			method2
MEIS2	ENCSR851BNE			method2
ZEB2	ENCSR004GKA			method2
FOSL1	ENCSR239ZLZ	12.61	10.53	method2
ZNF148	ENCSR018MSO			method2
ARID3A	ENCSR000EFY			method2
ZEB2	ENCSR322CFO			method2
TCF3	ENCSR970OJY			method2
CUX1	ENCSR000EFO	26.25	9.27	method2
KLF13	ENCSR608HVP	19.83	12.68	method2
REST	ENCSR000ATM	0.98	0.23	method2
ATF1	ENCSR091GVJ	20.63	15.67	method2
ZMYM3	ENCSR102KIN			method2
ZNF436	ENCSR335SUD	31.81	16.00	method2
MITF	ENCSR000FCB	24.33	4.50	method2
SUZ12	ENCSR000AUC			method2
KDM1A	ENCSR000ATX			method2
RBM39	ENCSR764OXF			method2
DACH1	ENCSR030TJP			method2
CEBPG	ENCSR490LWA	20.18	5.17	method2
HDAC8	ENCSR835TCD			method2
HDAC8	ENCSR000DJZ			method2
NR2F6	ENCSR707QWA			method2
NCOR1	ENCSR000ATY			method2
SMARCA4	ENCSR587OQL			method2
HOXB8	GSE121208			method2
TARDBP	ENCSR033VAZ			method2
FOXM1	ENCSR429QPP			method2
MNT	ENCSR979QYJ	30.96	18.67	method2
PBX2	ENCSR633EIC			method2
RLF	ENCSR718SDE			method2
SMAD2	ENCSR189PYJ			method2
PHF21A	ENCSR119VCX			method2
STAT5A	ENCSR000BRR	30.27	22.01	method2
PAX8	ENCSR274CGK			method2
HDAC2	ENCSR000BMG			method2
STAT1	ENCSR000EHJ	2.66	0.28	method2
GTF3C2	ENCSR000DOD			method2
SIX5	ENCSR000BNW	40.71	26.05	method2
JUN	ENCSR000EGH	11.93	2.21	method2
NSD2	ENCSR000AVE			method2
GATA1	ENCSR000EWM	7.62	4.26	method2
CHD1	ENCSR000AQD			method2
SIN3B	ENCSR657JLK			method2
ZMIZ1	ENCSR907JPB			method2
SAP30	ENCSR000AQJ			method2
EZH2	ENCSR000AQE			method2
NFIX	ENCSR574VJG	43.83	7.10	method2
TAF15	ENCSR047LSJ			method2
MITF	ENCSR797SWM	31.03	4.12	method2
USF2	ENCSR578KEN	6.62	0.62	method2
MIER1	ENCSR426MDV			method2
ZBTB5	ENCSR786OQY			method2
CC2D1A	ENCSR343IFJ			method2
HINFP	ENCSR619GFP			method2
KLF1	ENCSR550HCT	25.80	23.73	method2
NBN	ENCSR085QEV			method2
ZNF740	ENCSR737UST	88.28	60.22	method2
CHD7	ENCSR000AVD			method2
ESRRA	ENCSR486IFJ	30.21	24.38	method2
SP1	ENCSR991ELG	23.12	14.25	method2
RUNX1	ENCSR414TYY	5.49	2.91	method2
KDM1A	ENCSR360HRA			method2
TCF7L2	ENCSR888XZK			method2
SIRT6	ENCSR000AUB			method2
CDC5L	ENCSR121PFY			method2
DNMT1	ENCSR987PBI			method2
L3MBTL2	GSE28162			method2
RFX1	ENCSR041AXL	30.22	7.64	method2
ZNF12	ENCSR041YBR	77.85	72.87	method2
RFX1	ENCSR968GIB	31.39	7.25	method2
FOXK2	ENCSR508DQA			method2
TAF7	ENCSR671GFC			method2
YBX3	ENCSR567JEU			method2
ELF4	ENCSR638QHV	40.93	11.73	method2
ZNF143	GSE39263	10.14	2.55	method2
ELK1	ENCSR000EFU	71.64	12.85	method2
ZC3H11A	ENCSR000EFR			method2
CREB3L1	ENCSR109YGM	8.63	5.76	method2
RELA	ENCSR772EEN			method2
ZNF24	ENCSR117WTM			method2
FOS	ENCSR000DKB	6.36	3.63	method2
IRF1	ENCSR854MCV	1.74	0.17	method2
RBM34	ENCSR899GSH			method2
HIF1A	GSE123461	13.39	7.03	method2
EPAS1	GSE123461	4.84	0.97	method2
NR4A1	ENCSR130PDE			method2
SRF	ENCSR582IAO	0.15	0.04	method2
NFRKB	ENCSR657EOF			method2
MTA2	ENCSR113LAS			method2
ZNF165	ENCSR172XJS			method2
ARID3B	ENCSR360UHC			method2
ZNF79	ENCSR995FUM			method2
RAD21	ENCSR000FAD			method2
MEF2D	ENCSR647ZXA			method2
MEF2A	ENCSR000BNV	11.95	2.79	method2
ARNT	ENCSR613NUC	1.37	0.87	method2
NFRKB	ENCSR996ESX			method2
PHB2	ENCSR924GXX			method2
SETDB1	ENCSR000EWD			method2
PCBP2	ENCSR603REQ			method2
CHD4	ENCSR000ATL			method2
CEBPZ	ENCSR618GDK	53.06	10.94	method2
BRD4	ENCSR583ACG			method2
CDK8	GSE65138			method2
ZNF274	ENCSR000EVX	9.15	4.50	method2
ZNF583	ENCSR775EQV			method2
GTF2A2	ENCSR801RPW			method2
ATF3	ENCSR632DCH	34.29	3.73	method2
ZNF76	ENCSR257AFV	5.65	0.76	method2
NCOA1	ENCSR931HNY			method2
DIDO1	ENCSR167JBG			method2
TBX18	ENCSR385IUC			method2
CREB3	ENCSR093FKD	18.52	11.13	method2
ZNF324	ENCSR712KVZ			method2
CEBPG	ENCSR620VIC	23.76	5.48	method2
ZNF239	ENCSR606KTL			method2
HIVEP1	ENCSR947PJZ			method2
HOMEZ	ENCSR801JWB			method2
JUNB	ENCSR525VAT	14.65	2.88	method2
ATF4	ENCSR145TSJ	3.08	0.89	method2
ZNF175	ENCSR011PEI			method2
ZNF584	ENCSR149ZBI	17.44	10.62	method2
SMAD3	ENCSR376XAV			method2
ZNF589	ENCSR603XLW			method2
SHOX2	ENCSR184IQF			method2
JUN	ENCSR000EZW	17.92	2.39	method2
USF2	ENCSR359NFW	9.53	0.62	method2
TEAD1	ENCSR591ASD			method2
JUN	ENCSR000EZX	20.98	2.47	method2
RAD51	ENCSR524BUE			method2
NFE2	ENCSR000FAF	16.42	1.34	method2
ZNF318	ENCSR352BJL			method2
JUN	ENCSR000EZT	16.85	2.43	method2
FOXK2	ENCSR302AWT			method2
TAF9B	ENCSR100UQX			method2
STAT2	ENCSR000FBC	9.97	0.16	method2
JUNB	ENCSR795IYP	17.48	2.91	method2
USF2	ENCSR000EHG	11.63	0.64	method2
RREB1	ENCSR250WFW			method2
ZBTB11	ENCSR985OYK			method2
THRA	ENCSR264CZJ			method2
ETV6	ENCSR124BJR	65.92	29.99	method2
ADNP	ENCSR440VKE			method2
ARNT	ENCSR155KHM	1.69	0.96	method2
GATA2	ENCSR000DKA	15.65	7.75	method2
TAL1	ENCSR106FRG			method2
TCF12	ENCSR744WOO			method2
GATA2	ENCSR000BKM	19.72	8.68	method2
LDB1	GSE142227			method2
CBFA2T3	GSE142227			method2
STAT1	ENCSR000FAU	13.88	0.50	method2
GATA2	ENCSR257RKC	19.12	7.90	method2
STAT2	ENCSR000FAT	4.85	0.17	method2
GATA1	ENCSR000EFT	8.97	5.61	method2
AFF1	ENCSR426URK			method2
ZNF644	ENCSR729HVR			method2
KLF6	ENCSR297CGF			method2
ZNF215	ENCSR699RWG			method2
IRF9	ENCSR926KTP	1.35	0.69	method2
ZNF311	ENCSR388ZRV	45.18	40.86	method2
MAFG	ENCSR818DQV	9.01	4.10	method2
NFATC3	ENCSR670FDA	38.19	32.50	method2
HMBOX1	ENCSR757IIU	21.77	11.98	method2
IRF1	ENCSR000EGL	3.47	0.20	method2
ARNT	ENCSR669NFS	2.79	0.91	method2
STAT1	ENCSR000FAV	14.38	0.50	method2
IRF1	ENCSR000EGU	23.79	0.21	method2
IRF1	ENCSR000EGK	2.73	0.15	method2
NRF1	ENCSR000EHH	17.22	2.19	method2
ELF1	ENCSR975SSR	83.80	26.45	method2
HDAC6	ENCSR000ATJ			method2
TP53	GSE131484	19.47	10.34	method2
SP2	ENCSR000BNL	54.89	39.76	method2
NR4A1	ENCSR000DJW	11.98	6.90	method2
ZNF444	ENCSR164RIC	50.87	26.97	method2
HIF1A	GSE142865	19.11	6.66	method2
ZNF407	ENCSR011NOZ			method2
HDAC3	ENCSR024LKA			method2
ZNF764	ENCSR023OOE			method2
MORC2	GSE95374			method2
TASOR	GSE95374			method2
TRIM28	ENCSR000EVY			method2
ZNF445	ENCSR883UGG			method2
ZNF41	ENCSR235PYI			method2
ZNF197	ENCSR580IAO			method2
SIX5	ENCSR000BGX	47.95	26.25	method2
KAT2B	ENCSR000ATZ			method2
BCL6	ENCSR802AHH			method2
ZNF83	ENCSR257XVY			method2
ZNF134	ENCSR553NTC	28.13	22.52	method2
ZNF395	ENCSR462QZZ			method2
ZNF507	ENCSR577KQD			method2
TCFL5	ENCSR844JVU			method2
BACH1	ENCSR000EGD	29.17	3.74	method2
DDX20	ENCSR446LAV			method2
TSC22D4	ENCSR787RVK			method2
STAT1	ENCSR000EHK	4.67	0.39	method2
PTTG1	ENCSR314BBS			method2
DDX20	ENCSR382AIB			method2
PTRF	ENCSR126FZN			method2
ZNF700	ENCSR959BQO			method2
CREB5	ENCSR935PEA	25.44	7.02	method2
MCM7	ENCSR542WJU			method2
MCM2	ENCSR552PSV			method2
ZNF319	ENCSR231PDA			method2
PYGO2	ENCSR410DWC			method2
ASH1L	ENCSR115BBC			method2
ZNF740	ENCSR532EMP			method2
CBX3	ENCSR000ATV			method2
SRSF7	ENCSR222MYK			method2
ZNF408	ENCSR758PLU			method2
HNRNPUL1	ENCSR296MXW			method2
SNRNP70	ENCSR754ZHU			method2
E2F1	ENCSR563LLO	19.46	9.51	method2
NFE2	ENCSR552YGL	14.39	1.43	method2
NCOA2	ENCSR349TZO			method2
THRAP3	ENCSR871TKJ			method2
CCAR2	ENCSR598GER			method2
NCOA6	ENCSR168CEE			method2
E2F7	ENCSR171CAY	7.56	0.26	method2
ILF3	ENCSR632TJQ			method2
ZNF407	ENCSR439OCL			method2
PYGO2	ENCSR431XGJ			method2
ATRX	GSE70920			method2
BCLAF1	ENCSR792IYC			method2
MCM5	ENCSR079WHK			method2
MCM7	ENCSR068VRA			method2
TRIP13	ENCSR154EIH			method2
RBM15	ENCSR850WUE			method2
ETV6	ENCSR000FCE	74.47	28.27	method2
EP300	ENCSR000EGY			method2
SETDB1	ENCSR000AUT			method2
PATZ1	ENCSR549PVK	19.16	13.66	method2
LEF1	ENCSR832OGB			method2
ZNF830	ENCSR033NQK			method2
GTF2B	ENCSR000DOE			method2
TSHZ1	ENCSR958JPH			method2
ZNF354B	ENCSR044IXA			method2
MYBL2	ENCSR162IEM	22.36	5.21	method2
ZZZ3	ENCSR780BBJ			method2
EWSR1	ENCSR142YYA			method2
ZKSCAN8	ENCSR448UKK			method2
BACH1	ENCSR740NPG	23.63	4.97	method2
TEAD2	ENCSR635GTR	10.57	3.17	method2
NFE2L1	ENCSR632SHZ			method2
ZBTB40	ENCSR158RYZ			method2
ILK	ENCSR648INT			method2
ZNF23	ENCSR898IDK			method2
ZNF174	ENCSR056VYW	13.33	5.12	method2
ZNF133	ENCSR619UPN			method2
KLF10	ENCSR121SPB			method2
ZNF397	ENCSR508EEX			method2
ZNF696	ENCSR276RQG			method2
SMARCB1	ENCSR000EHN			method2
TOP2A	GSE79593			method2
CHAMP1	ENCSR065XVO			method2
ZNF318	ENCSR334HSW			method2
ZNF507	ENCSR598TIR			method2
ZNF766	ENCSR194IJN			method2
HDAC1	ENCSR568PGX			method2
XRCC3	ENCSR997NGQ			method2
ZKSCAN3	ENCSR199HGP	50.75	11.69	method2
CUX1	GSE92882	38.74	13.87	method2
FOXA1	ENCSR819LHG	33.33	4.36	method2
NCOA2	ENCSR803EKW			method2
CHAMP1	ENCSR315NNL			method2
ZNF830	ENCSR851XLW			method2
SIRT6	ENCSR000DOH			method2
BRCA1	ENCSR223MLH			method2
ZNF354B	ENCSR674SCQ			method2
NR3C1	ENCSR325DER			method2
FOXJ2	ENCSR847LBF			method2
KAT8	ENCSR086FZL			method2
CLOCK	ENCSR228OQM	70.99	20.67	method2
ESRRB	ENCSR264LYE			method2
HEY1	ENCSR405KTQ			method2
ZNF77	ENCSR844MAB	31.82	18.58	method2
BDP1	ENCSR000DOK			method2
ZNF253	ENCSR271RRH			method2
DLX4	ENCSR017EJY			method2
EP300	ENCSR000AQB			method2
BRF1	ENCSR000DOJ			method2
MYB	GSE124541	2.13	1.78	method2
EP400	ENCSR817QKV			method3
NCOA1	ENCSR658WFQ			method3
ZBTB40	ENCSR237VLT			method3
SMARCE1	ENCSR157TCS			method3
AFF1	ENCSR241LIH			method3
ZNF184	ENCSR546IHU	31.72	25.33	method3
E2F8	ENCSR953DVM	26.40	16.52	method3
NR2C1	ENCSR742IDN	4.35	2.25	method3
PRDM10	ENCSR120MPG			method3
MNT	ENCSR512NLO	24.97	18.20	method3
NUFIP1	ENCSR574XEO			method3
TRIM24	ENCSR907MZR			method3
TCF12	ENCSR189TRZ			method3
LEF1	ENCSR343ELW			method3
ZNF24	ENCSR695EQB			method3
MCM3	ENCSR990AZC			method3
NONO	ENCSR886RYH			method3
TRIM24	ENCSR957LDM			method3
SNIP1	ENCSR654CQU			method3
EHMT2	ENCSR175EOM			method3
HDAC1	ENCSR711VWL			method3
NFATC3	ENCSR051OUX	36.20	30.41	method3
MCM5	ENCSR628APV			method3
ZBTB5	ENCSR389PWB			method3
ZBTB33	ENCSR876GXA	6.57	5.56	method3
EGR1	ENCSR211LTF	51.10	36.21	method3
ZNF639	ENCSR497VFH			method3
EGR1	ENCSR024CNP	55.28	36.93	method3
NR2C1	ENCSR178DEG	3.78	2.20	method3
HDAC2	ENCSR893WSB			method3
MTA3	ENCSR914NEI			method3
ZNF592	ENCSR249BHQ			method3
HES1	ENCSR091JXL	52.44	38.32	method3
HDGF	ENCSR197ALX			method3
DPF2	ENCSR219BXP			method3
NCOR1	ENCSR298JCG			method3
ZBTB2	ENCSR230PTV	11.66	6.82	method3
L3MBTL2	ENCSR530XQI			method3
CTBP1	ENCSR201NQZ			method3
SKIL	ENCSR336DXE			method3
SMARCA5	ENCSR895HSJ			method3
ATF3	ENCSR028UIU	17.71	3.57	method3
NCOR1	ENCSR910JAI			method3
NFIC	ENCSR796ITY			method3
ARID1B	ENCSR822CCM			method3
HDAC2	ENCSR075HTM			method3
BRD9	ENCSR177XCS			method3
CTCF	GSE137216	69.33	55.34	method3
CTCF	ENCSR000AKO	69.00	54.99	method3
CTCF	GSE70764	76.13	67.15	method3
CTCFL	GSE70764	70.83	63.04	method3
CTCF	ENCSR000BPJ	70.37	54.46	method3
CTCF	ENCSR000DMA	70.66	56.49	method3
SETDB1	ENCSR000EWI			method3
RAD21	ENCSR000BKV			method3
E2F6	ENCSR000EWJ	73.60	69.05	method3
MYC	ENCSR000EGJ			method3
E2F6	ENCSR000BLI	76.17	69.90	method3
RBFOX2	ENCSR822LBD			method3
RBFOX2	GSE120104			method3
TARDBP	GSE120104			method3
PCBP2	GSE120104			method3
TAF15	GSE120104			method3
PRPF4	GSE120104			method3
SNRNP70	GSE120104			method3
RBM22	GSE120104			method3
AGO1	GSE120104			method3
HNRNPL	GSE120104			method3
HNRNPK	GSE120104			method3
RBM39	GSE120104			method3
GTF2F1	GSE120104			method3
FUS	GSE120104			method3
SRSF1	GSE120104			method3
HNRNPLL	GSE120104			method3
HNRNPUL1	GSE120104			method3
PTBP1	GSE120104			method3
XRCC5	GSE120104			method3
SAFB	GSE120104			method3
FIP1L1	GSE120104			method3
PCBP1	GSE120104			method3
SRSF4	GSE120104			method3
SRSF3	GSE120104			method3
U2AF1	GSE120104			method3
NONO	GSE120104			method3
HNRNPC	GSE120104			method3
SRSF7	GSE120104			method3
CCAR2	GSE120104			method3
SAFB2	GSE120104			method3
SRSF9	GSE120104			method3
MAX	ENCSR000EFV			method3
CTCF	GSE131349	71.92	55.80	method3
CTCF	GSE90691	81.03	59.12	method3
TARDBP	ENCSR429XTR			method3
ZNF281	GSE121133	74.95	61.81	method3
ZNF148	GSE121133			method3
RBM22	ENCSR848AOP			method3
BRD3	GSE140325			method3
BRD2	GSE140325			method3
BRD4	GSE140325			method3
HDAC1	GSE140325			method3
HDAC2	GSE140325			method3
YY1	ENCSR000BKU	34.44	24.90	method3
SRF	ENCSR000BLK	0.19	0.04	method3
CEBPB	ENCSR000BRQ	15.50	6.20	method3
NR3C1	ERP007081			method3
NFYB	GSE26439	18.66	5.49	method3
NFYA	GSE26439	6.21	1.68	method3
ERG	GSE23730	31.87	19.71	method3
TRIM28	ENCSR000BRW			method3
NR2F2	ENCSR000BRS			method3
BRD4	GSE99178			method3
BRD4	GSE138084			method3
BRD2	GSE138084			method3
BRD3	GSE138084			method3
ZFX	ENCSR920ASP			method3
PHF8	ENCSR000AQH			method3
PML	ENCSR000BQY			method3
ZNF18	GSE97661			method3
NRF1	GSE97661	8.16	2.22	method3
NFIA	GSE97661	33.65	31.00	method3
ZMYM3	GSE97661			method3
MED1	GSE97661			method3
ZNF639	GSE97661			method3
ZNF410	GSE97661			method3
FOXO3	GSE97661			method3
ZNF75A	GSE97661			method3
EZH2	GSE97661			method3
DPF1	GSE97661			method3
CTCF	GSE70482	71.40	57.44	method3
SPI1	GSE70482	1.66	0.61	method3
REST	GSE70482	1.90	0.22	method3
TBP	GSE55306			method3
GTF2F1	ENCSR377BLZ			method3
CREB1	ENCSR000BSO	14.80	5.74	method3
HNRNPLL	ENCSR112RNT			method3
NELFE	GSE112379			method3
NELFA	GSE112379			method3
SMAD5	ENCSR000FCD	5.53	4.71	method3
SIN3A	ENCSR920BLG			method3
TAF1	ENCSR000BKS	15.73	12.87	method3
CREM	ENCSR077DKV	13.77	6.78	method3
KDM4B	ENCSR642VZY			method3
SMAD1	ENCSR038DJJ			method3
HDAC1	ENCSR000AQF			method3
ZBTB7A	GSE103445	16.33	14.35	method3
E2F1	ENCSR720HUL	11.88	8.75	method3
YY1	ENCSR000BMH	40.93	25.63	method3
KDM5B	ENCSR000AQA			method3
ZKSCAN1	ENCSR882ERE	12.49	10.62	method3
GFI1B	ENCSR509GDT			method3
NEUROD1	ENCSR986CDX			method3
TBP	ENCSR000EHA			method3
ATF3	ENCSR000BNU	12.12	3.55	method3
NFYB	ENCSR000EGQ	32.01	5.24	method3
HCFC1	ENCSR000EFN			method3
ZHX1	ENCSR557RVF			method3
MBD2	ENCSR221GAN	32.23	28.73	method3
RBBP5	ENCSR000AQI			method3
MYC	ENCSR000EZV	5.81	4.39	method3
SIN3B	ENCSR887ZEN			method3
NFE2L2	ENCSR485GKE			method3
YY1	ENCSR000EWF	59.11	25.18	method3
THAP1	ENCSR000BNN			method3
JUND	ENCSR000EGN	5.95	4.31	method3
MAZ	ENCSR000EFX	79.94	72.73	method3
MAZ	ENCSR163IUV	80.31	73.21	method3
CHD2	ENCSR000EHD			method3
JUNB	ENCSR000DJY	5.55	2.60	method3
CTCF	GSE92879	74.01	55.93	method3
REST	ENCSR000BMW	0.64	0.23	method3
ZMIZ1	ENCSR000EFQ			method3
TBL1XR1	ENCSR000EGB			method3
ATF1	ENCSR159OCC	42.91	16.19	method3
EGR1	ENCSR000BNE	52.22	37.91	method3
MYC	ENCSR000DLZ	5.07	4.45	method3
TAL1	ENCSR000EHB			method3
ZBTB12	ENCSR172OSX	31.28	28.24	method3
NFE2	ENCSR000FCC	5.83	1.30	method3
ATF1	ENCSR000DNZ	42.43	16.40	method3
UBTF	ENCSR000EFZ			method3
ATF2	ENCSR869IUD	39.44	6.77	method3
JUN	ENCSR000FAH	5.77	2.26	method3
PRPF4	ENCSR220YXI			method3
CTCF	ENCSR000EGM	71.90	59.24	method3
JUN	ENCSR000EFS	3.68	2.14	method3
MYC	ENCSR000EGS	5.01	4.44	method3
CBX1	ENCSR948QLZ			method3
ATF3	ENCSR000DOG	18.01	3.61	method3
IRF1	ENCSR000EGT			method3
E2F4	ENCSR000EWL	0.42	0.28	method3
RFX5	ENCSR000EGO	9.66	6.10	method3
NRF1	ENCSR837EYC	5.64	2.22	method3
EP300	ENCSR000EGE			method3
CEBPD	ENCSR000BVY	13.33	10.05	method3
MYC	ENCSR000FAG	4.94	4.36	method3
HMGN3	ENCSR000DOB			method3
SIN3A	ENCSR000BLR			method3
ZNF639	ENCSR845BCL			method3
NFYA	ENCSR000EGR	20.64	1.78	method3
CCNT2	ENCSR000DOA			method3
GABPA	ENCSR000BLO	48.25	25.85	method3
IRF2	ENCSR376WCJ	0.58	0.08	method3
ETS1	ENCSR000BKQ	3.42	1.87	method3
ZNF384	ENCSR000EFP	25.13	22.83	method3
MXI1	ENCSR000EGZ	6.42	5.50	method3
ELF1	ENCSR000BMD	51.87	25.81	method3
BHLHE40	ENCSR000EGV	11.05	5.07	method3
SP1	ENCSR000BKO	22.28	14.27	method3
TCF7	ENCSR863KUB			method3
AGO1	ENCSR641BSL			method3
FOS	ENCSR000FAI	8.29	3.74	method3
ZBED1	ENCSR286PCG	0.44	0.20	method3
CBX5	ENCSR272JAT			method3
USF1	ENCSR000BKT	8.98	2.19	method3
MAFK	ENCSR000EGX	1.90	0.21	method3
CTCF	ENCSR000DWE	72.74	57.49	method3
RB1	ENCSR506CVF			method3
TARDBP	ENCSR353HEP			method3
SREBF1	ENCSR815ZDS	14.76	6.72	method3
MAFF	ENCSR000EGI	10.57	2.92	method3
CTCFL	ENCSR000BNK	76.39	60.42	method3
MYC	ENCSR000FAZ	6.77	4.42	method3
MYC	ENCSR000EZU	5.11	4.41	method3
CEBPB	ENCSR000EHE	17.57	5.82	method3
IKZF1	ENCSR395HWC			method3
NCOA1	ENCSR711SNW			method3
ILF3	GSE103215			method3
ZSCAN29	ENCSR175SZH	1.60	0.98	method3
ZSCAN29	ENCSR635EXI			method3
CREBBP	ENCSR000ATT			method3
NR2C2	ENCSR750LYM	12.87	8.62	method3
GABPA	ENCSR290MUH	64.60	25.25	method3
ZBTB11	ENCSR706BJO			method3
ZBTB7A	ENCSR000BME	17.95	15.43	method3
ZBTB11	ENCSR331GDC			method3
UBTF	ENCSR000EFW			method3
CBFA2T2	ENCSR699PVC			method3
GATA2	ENCSR000EWG	16.47	7.25	method3
KDM1A	ENCSR908CMW			method3
MAX	ENCSR000FAE	5.98	2.88	method3
GMEB1	ENCSR928KOR			method3
BCOR	ENCSR808AKZ			method3
MCM7	ENCSR038RGL			method3
MTA1	ENCSR807BGP			method3
GATA1	GSE107726	8.46	5.71	method3
TAL1	GSE107726			method3
GATA1	GSE132212	9.50	6.38	method3
CTCF	GSE132212	70.61	54.84	method3
TAL1	GSE132212			method3
ZNF263	ENCSR000EWN	74.00	69.04	method3
NFXL1	ENCSR085DDI			method3
SAFB	ENCSR072VUO			method3
CTCF	GSE140868	72.39	58.10	method3
RAD21	GSE140868			method3
HNRNPL	ENCSR594BNR			method3
XRCC5	ENCSR506KWJ			method3
SMC3	ENCSR000EGW			method3
ZFP36	ENCSR776CYN			method3
RBM25	ENCSR791OZM			method3
CBX2	ENCSR000ATU			method3
RNF2	ENCSR820GND			method3
CBX8	ENCSR000ATW			method3
ZNF512	ENCSR591CCL			method3
NR3C1	ENCSR494UQJ			method3
BCLAF1	ENCSR492LTS			method3
ELF1	ENCSR502OEK	66.15	26.11	method3
ARHGAP35	ENCSR571BUF			method3
MLLT1	ENCSR107GRP			method3
ZNF280A	ENCSR370NFS	5.24	0.48	method3
MLLT1	ENCSR675LRO			method3
YBX1	ENCSR107RHZ			method3
SMARCA4	ENCSR643VTW			method3
ARID2	ENCSR491EBY			method3
NCOA4	ENCSR119ULQ			method3
HDAC1	ENCSR387UWP			method3
RNF2	ENCSR138FUZ			method3
E4F1	ENCSR731LHZ	1.95	0.63	method3
GABPB1	ENCSR138YYY			method3
ETV1	ENCSR277DMR	61.09	18.73	method3
GMEB1	ENCSR376RCX			method3
SRSF3	ENCSR268QIQ			method3
BMI1	ENCSR782WRO			method3
ZNF3	ENCSR195QFV			method3
KDM1A	GSE117944			method3
GFI1B	GSE117944			method3
CTNNB1	GSE117944			method3
NR2F1	ENCSR970NKQ	8.51	4.73	method3
BRD2	GSE120715			method3
BRD3	GSE120715			method3
BRD4	GSE120715			method3
PKNOX1	ENCSR115SMW			method3
ZNF316	ENCSR200JYP			method3
TFDP1	ENCSR224IKA	6.86	4.09	method3
MTA3	ENCSR180NCY			method3
USF2	GSE111469	3.27	0.76	method3
PLAG1	GSE111469			method3
MYNN	ENCSR737LTZ	0.41	0.21	method3
VEZF1	ENCSR189YMA	39.79	35.69	method3
HNRNPK	ENCSR014RCS			method3
ZNF257	ENCSR492FKD	62.51	53.07	method3
DEAF1	ENCSR387SYS			method3
RB1	ENCSR670JDQ			method3
ZNF639	ENCSR949NVY			method3
MGA	ENCSR710WLO			method3
MNT	ENCSR390VGH	23.61	18.19	method3
NRF1	ENCSR998AJK	5.63	2.09	method3
NRF1	ENCSR494TDU	5.98	2.10	method3
PHF20	ENCSR594SMP			method3
ZFP91	ENCSR898XMH			method3
TRIM28	ENCSR474CVP			method3
ZNF24	ENCSR099NCH			method3
GATAD2A	ENCSR160QYK			method3
PCBP1	ENCSR052PTN			method3
FIP1L1	ENCSR177DNR			method3
U2AF1	ENCSR690GUG			method3
NONO	ENCSR415TXN			method3
GTF2F1	ENCSR189VXS			method3
FUS	ENCSR051DXE			method3
FOSL1	ENCSR000BMV			method3
CBX2	GSE121182			method3
CBX8	GSE121182			method3
TFDP1	ENCSR017GBO	8.31	3.93	method3
PTBP1	ENCSR948KMB			method3
RNF2	ENCSR076YPO			method3
ZNF282	ENCSR742TMU			method3
CTCF	GSE110681	71.15	53.52	method3
STAG1	ENCSR153HNT			method3
E2F3	ENCSR036QIR	0.82	0.31	method3
GATAD2B	ENCSR547LKC			method3
ELK1	ENCSR338QAC	63.08	12.35	method3
REST	ENCSR137ZMQ	0.69	0.23	method3
SOX6	ENCSR788RSW	22.05	20.70	method3
NONO	ENCSR010KFT			method3
SPI1	GSE74999	2.78	0.67	method3
NR4A1	ENCSR692RET			method3
ZNF143	ENCSR000EGP	5.69	2.38	method3
TBL1XR1	ENCSR000EGA			method3
E2F5	ENCSR709DRM	20.86	11.56	method3
RCOR1	ENCSR000EGC			method3
IRF1	GSE129380	0.78	0.13	method3
BCLAF1	ENCSR000BKH			method3
GTF2F1	ENCSR000EHC			method3
RUNX1	ENCSR588AKU			method3
WDR5	GSE115377			method3
ZNF24	ENCSR385AHH			method3
POU5F1	ENCSR364SNE			method3
KLF16	ENCSR760UVO			method3
HDAC2	ENCSR000AQG			method3
SUZ12	ENCSR412CTM			method3
TAF7	ENCSR000BNM			method3
PRMT5	ENCSR625ZVM			method3
MTA2	ENCSR411UYA			method3
RBM14	ENCSR423FCW			method3
ZBTB33	ENCSR000BKF	45.81	7.10	method3
ID3	ENCSR005NMT			method3
HDGF	ENCSR563YDA			method3
SPI1	ENCSR000BGW	2.89	0.78	method3
ATF7	ENCSR972ZBV	8.17	3.34	method3
ZNF184	ENCSR621ATC			method3
SMARCC2	ENCSR519WMW			method3
NCOR1	ENCSR798ILC			method3
CBFA2T3	ENCSR697YLJ			method3
PBX2	ENCSR263DFP			method3
MEIS2	ENCSR851BNE			method3
ZEB2	ENCSR004GKA			method3
FOSL1	ENCSR239ZLZ	13.54	10.73	method3
ZNF148	ENCSR018MSO			method3
ARID3A	ENCSR000EFY			method3
ZEB2	ENCSR322CFO			method3
TCF3	ENCSR970OJY			method3
CUX1	ENCSR000EFO	25.96	9.07	method3
KLF13	ENCSR608HVP	19.31	12.69	method3
REST	ENCSR000ATM	1.65	0.20	method3
ATF1	ENCSR091GVJ	20.39	15.95	method3
ZMYM3	ENCSR102KIN			method3
ZNF436	ENCSR335SUD	27.49	15.64	method3
MITF	ENCSR000FCB	20.38	4.43	method3
SUZ12	ENCSR000AUC			method3
KDM1A	ENCSR000ATX			method3
RBM39	ENCSR764OXF			method3
DACH1	ENCSR030TJP			method3
CEBPG	ENCSR490LWA	17.86	5.32	method3
HDAC8	ENCSR835TCD			method3
HDAC8	ENCSR000DJZ			method3
NR2F6	ENCSR707QWA			method3
NCOR1	ENCSR000ATY			method3
SMARCA4	ENCSR587OQL			method3
HOXB8	GSE121208			method3
TARDBP	ENCSR033VAZ			method3
FOXM1	ENCSR429QPP			method3
MNT	ENCSR979QYJ	29.80	18.55	method3
PBX2	ENCSR633EIC			method3
RLF	ENCSR718SDE			method3
SMAD2	ENCSR189PYJ			method3
PHF21A	ENCSR119VCX			method3
STAT5A	ENCSR000BRR	30.27	22.07	method3
PAX8	ENCSR274CGK			method3
HDAC2	ENCSR000BMG			method3
STAT1	ENCSR000EHJ	1.79	0.35	method3
GTF3C2	ENCSR000DOD			method3
SIX5	ENCSR000BNW	38.51	26.10	method3
JUN	ENCSR000EGH	11.52	2.33	method3
NSD2	ENCSR000AVE			method3
GATA1	ENCSR000EWM	7.40	4.29	method3
CHD1	ENCSR000AQD			method3
SIN3B	ENCSR657JLK			method3
ZMIZ1	ENCSR907JPB			method3
SAP30	ENCSR000AQJ			method3
EZH2	ENCSR000AQE			method3
NFIX	ENCSR574VJG	38.02	7.06	method3
TAF15	ENCSR047LSJ			method3
MITF	ENCSR797SWM	24.54	4.11	method3
USF2	ENCSR578KEN	5.25	0.60	method3
MIER1	ENCSR426MDV			method3
ZBTB5	ENCSR786OQY			method3
CC2D1A	ENCSR343IFJ			method3
HINFP	ENCSR619GFP			method3
KLF1	ENCSR550HCT	28.36	23.97	method3
NBN	ENCSR085QEV			method3
ZNF740	ENCSR737UST	84.12	58.86	method3
CHD7	ENCSR000AVD			method3
ESRRA	ENCSR486IFJ	30.25	24.43	method3
SP1	ENCSR991ELG	23.30	14.66	method3
RUNX1	ENCSR414TYY	5.80	2.91	method3
KDM1A	ENCSR360HRA			method3
TCF7L2	ENCSR888XZK			method3
SIRT6	ENCSR000AUB			method3
CDC5L	ENCSR121PFY			method3
DNMT1	ENCSR987PBI			method3
L3MBTL2	GSE28162			method3
RFX1	ENCSR041AXL	27.75	7.63	method3
ZNF12	ENCSR041YBR	78.77	72.86	method3
RFX1	ENCSR968GIB	28.71	7.39	method3
FOXK2	ENCSR508DQA			method3
TAF7	ENCSR671GFC			method3
YBX3	ENCSR567JEU			method3
ELF4	ENCSR638QHV	36.48	11.59	method3
ZNF143	GSE39263	8.44	2.49	method3
ELK1	ENCSR000EFU	65.38	12.91	method3
ZC3H11A	ENCSR000EFR			method3
CREB3L1	ENCSR109YGM	8.57	5.69	method3
RELA	ENCSR772EEN			method3
ZNF24	ENCSR117WTM			method3
FOS	ENCSR000DKB	7.04	3.55	method3
IRF1	ENCSR854MCV	1.58	0.19	method3
RBM34	ENCSR899GSH			method3
HIF1A	GSE123461	12.47	6.92	method3
EPAS1	GSE123461	5.23	0.94	method3
NR4A1	ENCSR130PDE			method3
SRF	ENCSR582IAO	0.16	0.04	method3
NFRKB	ENCSR657EOF			method3
MTA2	ENCSR113LAS			method3
ZNF165	ENCSR172XJS			method3
ARID3B	ENCSR360UHC			method3
ZNF79	ENCSR995FUM			method3
RAD21	ENCSR000FAD			method3
MEF2D	ENCSR647ZXA			method3
MEF2A	ENCSR000BNV	11.66	2.68	method3
ARNT	ENCSR613NUC	1.32	0.90	method3
NFRKB	ENCSR996ESX			method3
PHB2	ENCSR924GXX			method3
SETDB1	ENCSR000EWD			method3
PCBP2	ENCSR603REQ			method3
CHD4	ENCSR000ATL			method3
CEBPZ	ENCSR618GDK	51.34	10.89	method3
BRD4	ENCSR583ACG			method3
CDK8	GSE65138			method3
ZNF274	ENCSR000EVX	11.91	4.89	method3
ZNF583	ENCSR775EQV			method3
GTF2A2	ENCSR801RPW			method3
ATF3	ENCSR632DCH	27.85	3.81	method3
ZNF76	ENCSR257AFV	4.98	0.75	method3
NCOA1	ENCSR931HNY			method3
DIDO1	ENCSR167JBG			method3
TBX18	ENCSR385IUC			method3
CREB3	ENCSR093FKD	17.91	11.19	method3
ZNF324	ENCSR712KVZ			method3
CEBPG	ENCSR620VIC	20.67	5.53	method3
ZNF239	ENCSR606KTL			method3
HIVEP1	ENCSR947PJZ			method3
HOMEZ	ENCSR801JWB			method3
JUNB	ENCSR525VAT	16.23	2.91	method3
ATF4	ENCSR145TSJ	2.72	0.85	method3
ZNF175	ENCSR011PEI			method3
ZNF584	ENCSR149ZBI			method3
SMAD3	ENCSR376XAV			method3
ZNF589	ENCSR603XLW			method3
SHOX2	ENCSR184IQF			method3
JUN	ENCSR000EZW	15.92	2.51	method3
USF2	ENCSR359NFW	7.38	0.60	method3
TEAD1	ENCSR591ASD			method3
JUN	ENCSR000EZX	17.38	2.48	method3
RAD51	ENCSR524BUE			method3
NFE2	ENCSR000FAF	16.57	1.43	method3
ZNF318	ENCSR352BJL			method3
JUN	ENCSR000EZT	14.53	2.50	method3
FOXK2	ENCSR302AWT			method3
TAF9B	ENCSR100UQX			method3
STAT2	ENCSR000FBC	5.84	0.16	method3
JUNB	ENCSR795IYP	15.15	2.81	method3
USF2	ENCSR000EHG	9.25	0.67	method3
RREB1	ENCSR250WFW			method3
ZBTB11	ENCSR985OYK			method3
THRA	ENCSR264CZJ			method3
ETV6	ENCSR124BJR	61.64	29.63	method3
ADNP	ENCSR440VKE			method3
ARNT	ENCSR155KHM	1.63	0.94	method3
GATA2	ENCSR000DKA	14.40	7.66	method3
TAL1	ENCSR106FRG			method3
TCF12	ENCSR744WOO			method3
GATA2	ENCSR000BKM	17.80	8.41	method3
LDB1	GSE142227			method3
CBFA2T3	GSE142227			method3
STAT1	ENCSR000FAU	11.45	0.48	method3
GATA2	ENCSR257RKC	16.90	7.87	method3
STAT2	ENCSR000FAT	2.66	0.17	method3
GATA1	ENCSR000EFT	8.60	5.70	method3
AFF1	ENCSR426URK			method3
ZNF644	ENCSR729HVR			method3
KLF6	ENCSR297CGF	4.24	3.35	method3
ZNF215	ENCSR699RWG			method3
IRF9	ENCSR926KTP			method3
ZNF311	ENCSR388ZRV	45.88	41.75	method3
MAFG	ENCSR818DQV	8.41	4.00	method3
NFATC3	ENCSR670FDA	36.70	31.77	method3
HMBOX1	ENCSR757IIU	19.60	11.80	method3
IRF1	ENCSR000EGL	3.28	0.14	method3
ARNT	ENCSR669NFS			method3
STAT1	ENCSR000FAV	11.97	0.49	method3
IRF1	ENCSR000EGU	20.00	0.22	method3
IRF1	ENCSR000EGK	2.78	0.18	method3
NRF1	ENCSR000EHH	15.42	2.15	method3
ELF1	ENCSR975SSR	79.52	26.76	method3
HDAC6	ENCSR000ATJ			method3
TP53	GSE131484	23.26	10.62	method3
SP2	ENCSR000BNL	55.43	39.70	method3
NR4A1	ENCSR000DJW			method3
ZNF444	ENCSR164RIC	45.97	26.14	method3
HIF1A	GSE142865	15.94	6.47	method3
ZNF407	ENCSR011NOZ			method3
HDAC3	ENCSR024LKA			method3
ZNF764	ENCSR023OOE			method3
MORC2	GSE95374			method3
TASOR	GSE95374			method3
TRIM28	ENCSR000EVY			method3
ZNF445	ENCSR883UGG			method3
ZNF41	ENCSR235PYI			method3
ZNF197	ENCSR580IAO			method3
SIX5	ENCSR000BGX	45.07	26.01	method3
KAT2B	ENCSR000ATZ			method3
BCL6	ENCSR802AHH			method3
ZNF83	ENCSR257XVY			method3
ZNF134	ENCSR553NTC	26.25	22.60	method3
ZNF395	ENCSR462QZZ			method3
ZNF507	ENCSR577KQD			method3
TCFL5	ENCSR844JVU			method3
BACH1	ENCSR000EGD	24.65	3.71	method3
DDX20	ENCSR446LAV			method3
TSC22D4	ENCSR787RVK			method3
STAT1	ENCSR000EHK	4.19	0.39	method3
PTTG1	ENCSR314BBS			method3
DDX20	ENCSR382AIB			method3
PTRF	ENCSR126FZN			method3
ZNF700	ENCSR959BQO			method3
CREB5	ENCSR935PEA	17.79	7.08	method3
MCM7	ENCSR542WJU			method3
MCM2	ENCSR552PSV			method3
ZNF319	ENCSR231PDA			method3
PYGO2	ENCSR410DWC			method3
ASH1L	ENCSR115BBC			method3
ZNF740	ENCSR532EMP			method3
CBX3	ENCSR000ATV			method3
SRSF7	ENCSR222MYK			method3
ZNF408	ENCSR758PLU			method3
HNRNPUL1	ENCSR296MXW			method3
SNRNP70	ENCSR754ZHU			method3
E2F1	ENCSR563LLO	18.73	9.57	method3
NFE2	ENCSR552YGL	12.76	1.44	method3
NCOA2	ENCSR349TZO			method3
THRAP3	ENCSR871TKJ			method3
CCAR2	ENCSR598GER			method3
NCOA6	ENCSR168CEE			method3
E2F7	ENCSR171CAY	6.22	0.28	method3
ILF3	ENCSR632TJQ			method3
ZNF407	ENCSR439OCL			method3
PYGO2	ENCSR431XGJ			method3
ATRX	GSE70920			method3
BCLAF1	ENCSR792IYC			method3
MCM5	ENCSR079WHK			method3
MCM7	ENCSR068VRA			method3
TRIP13	ENCSR154EIH			method3
RBM15	ENCSR850WUE			method3
ETV6	ENCSR000FCE	68.54	28.09	method3
EP300	ENCSR000EGY			method3
SETDB1	ENCSR000AUT			method3
PATZ1	ENCSR549PVK			method3
LEF1	ENCSR832OGB			method3
ZNF830	ENCSR033NQK			method3
GTF2B	ENCSR000DOE			method3
TSHZ1	ENCSR958JPH			method3
ZNF354B	ENCSR044IXA			method3
MYBL2	ENCSR162IEM	20.57	5.01	method3
ZZZ3	ENCSR780BBJ			method3
EWSR1	ENCSR142YYA			method3
ZKSCAN8	ENCSR448UKK			method3
BACH1	ENCSR740NPG	21.97	4.93	method3
TEAD2	ENCSR635GTR	10.33	3.21	method3
NFE2L1	ENCSR632SHZ			method3
ZBTB40	ENCSR158RYZ			method3
ILK	ENCSR648INT			method3
ZNF23	ENCSR898IDK			method3
ZNF174	ENCSR056VYW			method3
ZNF133	ENCSR619UPN			method3
KLF10	ENCSR121SPB			method3
ZNF397	ENCSR508EEX			method3
ZNF696	ENCSR276RQG			method3
SMARCB1	ENCSR000EHN			method3
TOP2A	GSE79593			method3
CHAMP1	ENCSR065XVO			method3
ZNF318	ENCSR334HSW			method3
ZNF507	ENCSR598TIR			method3
ZNF766	ENCSR194IJN			method3
HDAC1	ENCSR568PGX			method3
XRCC3	ENCSR997NGQ			method3
ZKSCAN3	ENCSR199HGP	47.92	11.20	method3
CUX1	GSE92882	39.02	12.81	method3
FOXA1	ENCSR819LHG			method3
NCOA2	ENCSR803EKW			method3
CHAMP1	ENCSR315NNL			method3
ZNF830	ENCSR851XLW			method3
SIRT6	ENCSR000DOH			method3
BRCA1	ENCSR223MLH			method3
ZNF354B	ENCSR674SCQ			method3
NR3C1	ENCSR325DER			method3
FOXJ2	ENCSR847LBF			method3
KAT8	ENCSR086FZL			method3
CLOCK	ENCSR228OQM	61.69	20.88	method3
ESRRB	ENCSR264LYE			method3
HEY1	ENCSR405KTQ			method3
ZNF77	ENCSR844MAB			method3
BDP1	ENCSR000DOK			method3
ZNF253	ENCSR271RRH			method3
DLX4	ENCSR017EJY			method3
EP300	ENCSR000AQB			method3
BRF1	ENCSR000DOJ			method3
MYB	GSE124541			method3
