V1	N	db
ADA2	940	GTRD
ADCYAP1	12	GTRD
ADNP	657	GTRD
AEBP2	1224	GTRD
AHRR	1404	GTRD
ALKBH3	442	GTRD
ALX4	33	GTRD
ARHGAP35	120	GTRD
ARID3B	196	GTRD
ARID5B	943	GTRD
ARNT2	679	GTRD
ASH1L	1464	GTRD
ASXL2	56	GTRD
ATF5	464	GTRD
ATF6	1080	GTRD
ATM	15	GTRD
ATOH8	51	GTRD
ATXN7L3	692	GTRD
AUTS2	647	GTRD
BAHD1	40	GTRD
BANP	763	GTRD
BARHL1	1300	GTRD
BARX1	1285	GTRD
BARX2	1902	GTRD
BCL6B	171	GTRD
BDP1	1443	GTRD
BPTF	1260	GTRD
BRCA2	1674	GTRD
BRF1	65	GTRD
BRF2	20	GTRD
CARM1	13	GTRD
CASP3	15	GTRD
CASP8AP2	344	GTRD
CAVIN1	92	GTRD
CBX5	883	GTRD
CBX7	971	GTRD
CC2D1A	1608	GTRD
CDC5L	339	GTRD
CDC73	658	GTRD
CDH4	85	GTRD
CDX1	42	GTRD
CEBPE	35	GTRD
CEBPZ	1543	GTRD
CENPT	85	GTRD
CHAF1A	98	GTRD
CHAF1B	997	GTRD
CHAMP1	213	GTRD
CIC	505	GTRD
CIITA	1234	GTRD
COBLL1	150	GTRD
COIL	8	GTRD
CREB3	515	GTRD
CREB3L2	151	GTRD
CREB3L4	1441	GTRD
CREBL2	11	GTRD
CSHL1	248	GTRD
CTR9	68	GTRD
CUX1	905	GTRD
DACH1	1003	GTRD
DBP	1475	GTRD
DICER1	91	GTRD
DIDO1	1642	GTRD
DLX2	291	GTRD
DLX4	864	GTRD
DLX6	606	GTRD
DMRT1	418	GTRD
DNMT1	234	GTRD
DNMT3A	712	GTRD
DPPA3	25	GTRD
DROSHA	69	GTRD
DYRK1A	782	GTRD
E2F2	1496	GTRD
E2F5	1289	GTRD
EBNA1BP2	382	GTRD
EGFR	36	GTRD
ELF2	1511	GTRD
ELF5	485	GTRD
EMX1	231	GTRD
EPC1	393	GTRD
ERCC8	16	GTRD
EWSR1	1039	GTRD
F10	287	GTRD
F2RL1	6	GTRD
FEV	1690	GTRD
FOXC1	87	GTRD
FOXD2	1275	GTRD
FOXD3	36	GTRD
FOXE1	733	GTRD
FOXF1	8	GTRD
FOXF2	12	GTRD
FOXG1	598	GTRD
FOXJ2	603	GTRD
FOXN3	1526	GTRD
FOXO4	387	GTRD
FOXQ1	39	GTRD
FOXR2	233	GTRD
FXR1	1217	GTRD
GLI1	622	GTRD
GLI3	754	GTRD
GLI4	855	GTRD
GREB1	959	GTRD
GTF2A2	599	GTRD
GTF2E2	416	GTRD
GTF3A	77	GTRD
GTF3C1	9	GTRD
GUCY1B1	693	GTRD
H1	532	GTRD
HAND1	491	GTRD
HBZ	1251	GTRD
HDAC4	690	GTRD
HDAC8	170	GTRD
HDGF	928	GTRD
HES2	1453	GTRD
HES4	604	GTRD
HEY2	75	GTRD
HHEX	1048	GTRD
HJURP	64	GTRD
HMCES	22	GTRD
HMG20B	1955	GTRD
HMGA1	1254	GTRD
HMGB2	580	GTRD
HOXA1	1228	GTRD
HOXA10	277	GTRD
HOXA13	56	GTRD
HOXA7	116	GTRD
HOXB4	1193	GTRD
HOXB6	648	GTRD
HOXB7	28	GTRD
HOXC11	67	GTRD
HOXC13	121	GTRD
HOXC6	1216	GTRD
HOXD1	78	GTRD
HOXD11	152	GTRD
HSD17B8	667	GTRD
HSF2	248	GTRD
HSF4	22	GTRD
ID1	1282	GTRD
ID2	1104	GTRD
IGF1R	5	GTRD
IGLV5	647	GTRD
ILK	26	GTRD
INSM2	977	GTRD
IRF5	848	GTRD
IRX2	237	GTRD
IRX3	55	GTRD
KAT2A	1166	GTRD
KAT5	927	GTRD
KDM1B	163	GTRD
KLF14	257	GTRD
KLF7	937	GTRD
KMT2D	809	GTRD
LAMB3	18	GTRD
LAMTOR5	8	GTRD
LCORL	464	GTRD
LHX2	1428	GTRD
LHX3	37	GTRD
LHX4	8	GTRD
LHX9	1602	GTRD
LMNB2	37	GTRD
LMTK3	597	GTRD
LMX1B	31	GTRD
MAFG	1950	GTRD
MAML1	322	GTRD
MAP2K1	9	GTRD
MAPK3	108	GTRD
MCM2	88	GTRD
MCM3	225	GTRD
MCM5	8	GTRD
MCRS1	42	GTRD
MDM2	13	GTRD
MED16	47	GTRD
MED25	142	GTRD
MEF2C	1879	GTRD
MEF2D	659	GTRD
METHYLCYTOSINE	180	GTRD
METTL14	157	GTRD
MIER1	375	GTRD
MNX1	11	GTRD
MPHOSPH8	10	GTRD
MSX1	203	GTRD
MSX2	20	GTRD
MTHFD1	22	GTRD
MXD1	650	GTRD
MYBL1	483	GTRD
MYF6	17	GTRD
MYOCD	1550	GTRD
MZF1	1759	GTRD
NAB2	1539	GTRD
NCOA2	544	GTRD
NCOA4	1100	GTRD
NCOA6	362	GTRD
NEUROD2	7	GTRD
NEUROG3	24	GTRD
NFE2L1	1913	GTRD
NFE2L3	18	GTRD
NFKBIA	1335	GTRD
NFXL1	473	GTRD
NKX2	3531	GTRD
NKX6	33	GTRD
NME2	70	GTRD
NOTCH3	1580	GTRD
NPAT	280	GTRD
NPM1	362	GTRD
NR0B1	378	GTRD
NR1D1	121	GTRD
NR1H4	428	GTRD
NR1I2	345	GTRD
NR2E3	10	GTRD
NR4A2	5	GTRD
NR5A1	19	GTRD
NUFIP1	46	GTRD
NUP214	11	GTRD
OVOL3	514	GTRD
PAF1	76	GTRD
PAX3	1838	GTRD
PAX6	961	GTRD
PAX7	719	GTRD
PAX8	89	GTRD
PBRM1	8	GTRD
PBXIP1	282	GTRD
PCGF1	554	GTRD
PCGF6	77	GTRD
PER1	33	GTRD
PGBD5	22	GTRD
PGM3	268	GTRD
PHB2	204	GTRD
PHF21A	288	GTRD
PIAS4	78	GTRD
PITX1	352	GTRD
POU2AF1	936	GTRD
PPARA	69	GTRD
PPARGC1A	102	GTRD
PRDM12	156	GTRD
PRDM4	617	GTRD
PRDM5	123	GTRD
PRKDC	887	GTRD
PRMT5	102	GTRD
PSIP1	767	GTRD
PSMB5	309	GTRD
PTPRA	130	GTRD
PTTG1	83	GTRD
RAG1	1206	GTRD
RARB	7	GTRD
RAX2	72	GTRD
RBL1	53	GTRD
RBM15	199	GTRD
RBM17	7	GTRD
RBM34	1057	GTRD
RBMX	11	GTRD
REPIN1	5	GTRD
RFX7	508	GTRD
RLF	353	GTRD
RORA	264	GTRD
RPA1	80	GTRD
RPA2	8	GTRD
RUVBL1	183	GTRD
RUVBL2	39	GTRD
RYBP	1876	GTRD
SAFB2	814	GTRD
SALL4	1870	GTRD
SETBP1	200	GTRD
SETD1A	1531	GTRD
SETD7	1002	GTRD
SFMBT1	1687	GTRD
SIGMAR1	15	GTRD
SIPA1	149	GTRD
SIRT3	61	GTRD
SIX1	380	GTRD
SIX4	42	GTRD
SKIL	1977	GTRD
SKP2	70	GTRD
SMARCA1	138	GTRD
SMCHD1	73	GTRD
SMN1	938	GTRD
SNAI1	515	GTRD
SNAPC2	13	GTRD
SNAPC4	139	GTRD
SNIP1	779	GTRD
SNRNP70	1016	GTRD
SOD1	5	GTRD
SOX10	315	GTRD
SOX11	46	GTRD
SOX15	6	GTRD
SOX3	559	GTRD
SQSTM1	51	GTRD
SRPK1	407	GTRD
SRPK2	80	GTRD
SRSF9	935	GTRD
SS18	416	GTRD
STN1	11	GTRD
SUMO1	1027	GTRD
SUPT16H	1979	GTRD
SUPT20H	1375	GTRD
SVIL	22	GTRD
SYNCRIP	21	GTRD
TAF9B	574	GTRD
TAFAZZIN	486	GTRD
TASOR	292	GTRD
TBPL1	222	GTRD
TBX1	245	GTRD
TBX3	823	GTRD
TCOF1	15	GTRD
TDRD3	5	GTRD
TEAD2	1528	GTRD
TERF1	300	GTRD
TERF2	139	GTRD
TERT	128	GTRD
TET1	1318	GTRD
TFAM	55	GTRD
TFCP2	106	GTRD
TFDP2	5	GTRD
TFEB	1415	GTRD
THRA	111	GTRD
THRAP3	29	GTRD
TOP2B	619	GTRD
TOX4	228	GTRD
TRIP13	98	GTRD
TSHZ1	239	GTRD
TUBG1	10	GTRD
UBE2I	92	GTRD
UBN1	1821	GTRD
VRTN	23	GTRD
WDHD1	203	GTRD
WIZ	21	GTRD
WRN	15	GTRD
WRNIP1	1228	GTRD
XPO1	31	GTRD
YBX1	75	GTRD
YBX3	58	GTRD
ZA	73	GTRD
ZBED4	309	GTRD
ZBED5	1639	GTRD
ZBTB1	115	GTRD
ZBTB12	1316	GTRD
ZBTB18	854	GTRD
ZBTB44	799	GTRD
ZBTB49	10	GTRD
ZBTB5	517	GTRD
ZC3H11A	990	GTRD
ZFHX3	1881	GTRD
ZFP28	132	GTRD
ZFP3	359	GTRD
ZFP36L1	80	GTRD
ZFP37	8	GTRD
ZFP82	44	GTRD
ZFP91	1466	GTRD
ZIM3	1190	GTRD
ZMYM2	130	GTRD
ZMYND11	55	GTRD
ZNF10	831	GTRD
ZNF101	486	GTRD
ZNF112	7	GTRD
ZNF133	237	GTRD
ZNF134	1102	GTRD
ZNF136	15	GTRD
ZNF138	5	GTRD
ZNF140	742	GTRD
ZNF146	1291	GTRD
ZNF157	85	GTRD
ZNF16	77	GTRD
ZNF165	86	GTRD
ZNF169	46	GTRD
ZNF175	866	GTRD
ZNF184	1514	GTRD
ZNF19	13	GTRD
ZNF197	668	GTRD
ZNF2	1205	GTRD
ZNF20	6	GTRD
ZNF202	82	GTRD
ZNF211	7	GTRD
ZNF213	595	GTRD
ZNF214	22	GTRD
ZNF22	1209	GTRD
ZNF223	329	GTRD
ZNF224	1374	GTRD
ZNF23	17	GTRD
ZNF236	265	GTRD
ZNF239	38	GTRD
ZNF248	5	GTRD
ZNF250	586	GTRD
ZNF257	566	GTRD
ZNF26	30	GTRD
ZNF260	879	GTRD
ZNF274	1125	GTRD
ZNF282	1074	GTRD
ZNF292	24	GTRD
ZNF30	1553	GTRD
ZNF302	6	GTRD
ZNF318	1157	GTRD
ZNF320	1603	GTRD
ZNF322	951	GTRD
ZNF329	590	GTRD
ZNF331	371	GTRD
ZNF33A	258	GTRD
ZNF34	336	GTRD
ZNF350	1483	GTRD
ZNF354A	32	GTRD
ZNF354B	207	GTRD
ZNF354C	14	GTRD
ZNF362	633	GTRD
ZNF37A	159	GTRD
ZNF391	961	GTRD
ZNF394	1129	GTRD
ZNF404	21	GTRD
ZNF407	1996	GTRD
ZNF41	242	GTRD
ZNF410	635	GTRD
ZNF416	6	GTRD
ZNF418	44	GTRD
ZNF419	8	GTRD
ZNF423	1081	GTRD
ZNF426	218	GTRD
ZNF433	67	GTRD
ZNF436	510	GTRD
ZNF445	8	GTRD
ZNF454	19	GTRD
ZNF486	299	GTRD
ZNF488	45	GTRD
ZNF490	499	GTRD
ZNF491	10	GTRD
ZNF493	8	GTRD
ZNF501	13	GTRD
ZNF502	37	GTRD
ZNF507	662	GTRD
ZNF510	41	GTRD
ZNF512	446	GTRD
ZNF512B	220	GTRD
ZNF513	784	GTRD
ZNF514	8	GTRD
ZNF524	356	GTRD
ZNF528	806	GTRD
ZNF529	47	GTRD
ZNF530	33	GTRD
ZNF532	66	GTRD
ZNF544	6	GTRD
ZNF547	349	GTRD
ZNF548	63	GTRD
ZNF549	1309	GTRD
ZNF555	164	GTRD
ZNF558	312	GTRD
ZNF560	51	GTRD
ZNF561	873	GTRD
ZNF563	653	GTRD
ZNF577	534	GTRD
ZNF579	796	GTRD
ZNF581	334	GTRD
ZNF582	77	GTRD
ZNF584	379	GTRD
ZNF585B	138	GTRD
ZNF586	59	GTRD
ZNF589	708	GTRD
ZNF592	1923	GTRD
ZNF595	133	GTRD
ZNF596	662	GTRD
ZNF597	890	GTRD
ZNF610	910	GTRD
ZNF618	1485	GTRD
ZNF622	71	GTRD
ZNF623	477	GTRD
ZNF626	11	GTRD
ZNF660	796	GTRD
ZNF664	1002	GTRD
ZNF667	147	GTRD
ZNF669	132	GTRD
ZNF677	181	GTRD
ZNF680	886	GTRD
ZNF697	222	GTRD
ZNF7	919	GTRD
ZNF704	71	GTRD
ZNF707	53	GTRD
ZNF708	99	GTRD
ZNF711	1762	GTRD
ZNF740	1550	GTRD
ZNF746	79	GTRD
ZNF766	1219	GTRD
ZNF768	1362	GTRD
ZNF774	29	GTRD
ZNF776	8	GTRD
ZNF777	69	GTRD
ZNF781	214	GTRD
ZNF784	555	GTRD
ZNF785	69	GTRD
ZNF791	67	GTRD
ZNF8	1055	GTRD
ZNF816	551	GTRD
ZNF830	287	GTRD
ZNF837	9	GTRD
ZNF843	900	GTRD
ZNF85	327	GTRD
ZNF92	1463	GTRD
ZSCAN18	49	GTRD
ZSCAN2	924	GTRD
ZSCAN21	513	GTRD
ZSCAN23	87	GTRD
ZSCAN26	5	GTRD
ZSCAN30	1782	GTRD
ZSCAN31	942	GTRD
ZSCAN4	1458	GTRD
ZSCAN5B	85	GTRD
ZSCAN5C	152	GTRD
ZSCAN5DP	1533	GTRD
ZZZ3	318	GTRD
ADNP	4224	ChIP-Atlas
AFF1	12351	ChIP-Atlas
AGO1	7832	ChIP-Atlas
ARHGAP35	6056	ChIP-Atlas
ARID1B	11377	ChIP-Atlas
ARID2	12865	ChIP-Atlas
ARID3A	4357	ChIP-Atlas
ARID3B	138	ChIP-Atlas
ARNT	13312	ChIP-Atlas
ASH1L	4364	ChIP-Atlas
ATF1	12198	ChIP-Atlas
ATF2	11720	ChIP-Atlas
ATF3	14963	ChIP-Atlas
ATF4	12204	ChIP-Atlas
ATF7	10708	ChIP-Atlas
ATRX	9617	ChIP-Atlas
BACH1	9106	ChIP-Atlas
BCL6	12975	ChIP-Atlas
BCLAF1	8661	ChIP-Atlas
BCOR	15646	ChIP-Atlas
BDP1	123	ChIP-Atlas
BHLHE40	12619	ChIP-Atlas
BMI1	14183	ChIP-Atlas
BRCA1	10422	ChIP-Atlas
BRD2	14959	ChIP-Atlas
BRD3	12846	ChIP-Atlas
BRD4	17031	ChIP-Atlas
BRD9	13284	ChIP-Atlas
BRF1	701	ChIP-Atlas
CBFA2T2	1913	ChIP-Atlas
CBFA2T3	2927	ChIP-Atlas
CBX1	9019	ChIP-Atlas
CBX2	999	ChIP-Atlas
CBX3	12982	ChIP-Atlas
CBX5	9764	ChIP-Atlas
CBX8	340	ChIP-Atlas
CC2D1A	2967	ChIP-Atlas
CCAR2	258	ChIP-Atlas
CCNT2	8761	ChIP-Atlas
CDC5L	382	ChIP-Atlas
CDK8	13348	ChIP-Atlas
CEBPB	14463	ChIP-Atlas
CEBPD	10206	ChIP-Atlas
CEBPG	7044	ChIP-Atlas
CEBPZ	467	ChIP-Atlas
CHAMP1	3606	ChIP-Atlas
CHD1	10984	ChIP-Atlas
CHD2	11720	ChIP-Atlas
CHD4	5292	ChIP-Atlas
CHD7	11974	ChIP-Atlas
CLOCK	5220	ChIP-Atlas
CREB1	15427	ChIP-Atlas
CREB3	2422	ChIP-Atlas
CREB3L1	6544	ChIP-Atlas
CREB5	821	ChIP-Atlas
CREBBP	14128	ChIP-Atlas
CREM	11587	ChIP-Atlas
CTBP1	11252	ChIP-Atlas
CTCF	16897	ChIP-Atlas
CTCFL	12867	ChIP-Atlas
CTNNB1	9328	ChIP-Atlas
CUX1	4898	ChIP-Atlas
DACH1	1453	ChIP-Atlas
DDX20	2709	ChIP-Atlas
DEAF1	2868	ChIP-Atlas
DIDO1	2214	ChIP-Atlas
DLX4	32	ChIP-Atlas
DNMT1	5260	ChIP-Atlas
DPF2	12406	ChIP-Atlas
E2F1	14026	ChIP-Atlas
E2F3	9185	ChIP-Atlas
E2F4	11298	ChIP-Atlas
E2F5	8699	ChIP-Atlas
E2F6	13660	ChIP-Atlas
E2F7	5366	ChIP-Atlas
E2F8	4738	ChIP-Atlas
E4F1	8609	ChIP-Atlas
EGR1	14838	ChIP-Atlas
EHMT2	12672	ChIP-Atlas
ELF1	13988	ChIP-Atlas
ELF4	6918	ChIP-Atlas
ELK1	6430	ChIP-Atlas
EP300	16942	ChIP-Atlas
EP400	10491	ChIP-Atlas
ERG	15958	ChIP-Atlas
ESRRA	9368	ChIP-Atlas
ESRRB	45	ChIP-Atlas
ETS1	14631	ChIP-Atlas
ETV1	8503	ChIP-Atlas
ETV6	13266	ChIP-Atlas
EWSR1	481	ChIP-Atlas
EZH2	15214	ChIP-Atlas
FIP1L1	6331	ChIP-Atlas
FOS	12091	ChIP-Atlas
FOSL1	11842	ChIP-Atlas
FOXA1	16422	ChIP-Atlas
FOXJ2	3769	ChIP-Atlas
FOXK2	7806	ChIP-Atlas
FOXM1	10247	ChIP-Atlas
FUS	6758	ChIP-Atlas
GABPA	13309	ChIP-Atlas
GABPB1	13006	ChIP-Atlas
GATA1	14162	ChIP-Atlas
GATA2	13713	ChIP-Atlas
GATAD2A	9664	ChIP-Atlas
GATAD2B	9472	ChIP-Atlas
GFI1B	6110	ChIP-Atlas
GMEB1	10758	ChIP-Atlas
GTF2A2	5547	ChIP-Atlas
GTF2B	9908	ChIP-Atlas
GTF2F1	12295	ChIP-Atlas
HCFC1	10225	ChIP-Atlas
HDAC1	15179	ChIP-Atlas
HDAC2	14571	ChIP-Atlas
HDAC3	6952	ChIP-Atlas
HDAC6	1470	ChIP-Atlas
HDAC8	946	ChIP-Atlas
HDGF	5307	ChIP-Atlas
HES1	982	ChIP-Atlas
HEY1	11943	ChIP-Atlas
HIF1A	14449	ChIP-Atlas
HINFP	7510	ChIP-Atlas
HIVEP1	9940	ChIP-Atlas
HMBOX1	3194	ChIP-Atlas
HMGN3	8755	ChIP-Atlas
HNRNPC	9319	ChIP-Atlas
HNRNPK	7763	ChIP-Atlas
HNRNPL	7986	ChIP-Atlas
HNRNPLL	11574	ChIP-Atlas
HNRNPUL1	2754	ChIP-Atlas
HOMEZ	5893	ChIP-Atlas
HOXB8	1141	ChIP-Atlas
ID3	3994	ChIP-Atlas
IKZF1	13578	ChIP-Atlas
ILF3	7002	ChIP-Atlas
ILK	38	ChIP-Atlas
IRF1	12093	ChIP-Atlas
IRF2	9362	ChIP-Atlas
IRF9	10633	ChIP-Atlas
JUN	15115	ChIP-Atlas
JUNB	10422	ChIP-Atlas
JUND	13903	ChIP-Atlas
KAT2B	345	ChIP-Atlas
KAT8	9850	ChIP-Atlas
KDM1A	15740	ChIP-Atlas
KDM4B	7259	ChIP-Atlas
KDM5B	15011	ChIP-Atlas
KLF1	13091	ChIP-Atlas
KLF10	9397	ChIP-Atlas
KLF13	5296	ChIP-Atlas
KLF16	10812	ChIP-Atlas
KLF6	8301	ChIP-Atlas
L3MBTL2	11975	ChIP-Atlas
LDB1	8639	ChIP-Atlas
LEF1	8123	ChIP-Atlas
MAFF	3915	ChIP-Atlas
MAFG	2192	ChIP-Atlas
MAFK	6401	ChIP-Atlas
MAX	16562	ChIP-Atlas
MAZ	14372	ChIP-Atlas
MBD2	9103	ChIP-Atlas
MCM2	10891	ChIP-Atlas
MCM3	6306	ChIP-Atlas
MCM5	43	ChIP-Atlas
MCM7	9329	ChIP-Atlas
MED1	15701	ChIP-Atlas
MEF2A	5594	ChIP-Atlas
MEF2D	10161	ChIP-Atlas
MEIS2	10379	ChIP-Atlas
MGA	10902	ChIP-Atlas
MIER1	1228	ChIP-Atlas
MITF	15411	ChIP-Atlas
MLLT1	8214	ChIP-Atlas
MNT	12059	ChIP-Atlas
MORC2	1030	ChIP-Atlas
MTA1	11811	ChIP-Atlas
MTA2	11105	ChIP-Atlas
MTA3	10230	ChIP-Atlas
MXI1	13408	ChIP-Atlas
MYBL2	10415	ChIP-Atlas
MYC	16529	ChIP-Atlas
MYNN	4960	ChIP-Atlas
NBN	7484	ChIP-Atlas
NCOA1	9726	ChIP-Atlas
NCOA2	1444	ChIP-Atlas
NCOA4	217	ChIP-Atlas
NCOA6	2439	ChIP-Atlas
NCOR1	10107	ChIP-Atlas
NELFA	12943	ChIP-Atlas
NELFE	12886	ChIP-Atlas
NEUROD1	14268	ChIP-Atlas
NFATC3	7175	ChIP-Atlas
NFE2	12144	ChIP-Atlas
NFE2L1	5199	ChIP-Atlas
NFIC	12444	ChIP-Atlas
NFIX	109	ChIP-Atlas
NFRKB	4427	ChIP-Atlas
NFXL1	618	ChIP-Atlas
NFYA	10166	ChIP-Atlas
NFYB	9192	ChIP-Atlas
NONO	10814	ChIP-Atlas
NR2C1	6037	ChIP-Atlas
NR2C2	10635	ChIP-Atlas
NR2F1	11372	ChIP-Atlas
NR2F2	13379	ChIP-Atlas
NR2F6	8939	ChIP-Atlas
NR3C1	14980	ChIP-Atlas
NR4A1	5651	ChIP-Atlas
NRF1	12589	ChIP-Atlas
NUFIP1	247	ChIP-Atlas
PATZ1	12711	ChIP-Atlas
PBX2	3074	ChIP-Atlas
PCBP1	8253	ChIP-Atlas
PCBP2	468	ChIP-Atlas
PHB2	266	ChIP-Atlas
PHF20	10050	ChIP-Atlas
PHF21A	10269	ChIP-Atlas
PHF8	13387	ChIP-Atlas
PKNOX1	9279	ChIP-Atlas
PLAG1	5535	ChIP-Atlas
PML	10932	ChIP-Atlas
POU5F1	9583	ChIP-Atlas
PRDM10	12927	ChIP-Atlas
PRMT5	500	ChIP-Atlas
PRPF4	4244	ChIP-Atlas
PTBP1	3077	ChIP-Atlas
PTTG1	68	ChIP-Atlas
PYGO2	5480	ChIP-Atlas
RAD21	16339	ChIP-Atlas
RAD51	4417	ChIP-Atlas
RB1	10754	ChIP-Atlas
RBBP5	12939	ChIP-Atlas
RBFOX2	12616	ChIP-Atlas
RBM14	381	ChIP-Atlas
RBM15	61	ChIP-Atlas
RBM22	8617	ChIP-Atlas
RBM25	13077	ChIP-Atlas
RBM34	226	ChIP-Atlas
RBM39	8626	ChIP-Atlas
RCOR1	11877	ChIP-Atlas
RELA	14565	ChIP-Atlas
REST	14560	ChIP-Atlas
RFX1	5783	ChIP-Atlas
RFX5	8660	ChIP-Atlas
RLF	1288	ChIP-Atlas
RNF2	15007	ChIP-Atlas
RREB1	8026	ChIP-Atlas
RUNX1	16689	ChIP-Atlas
SAFB	3526	ChIP-Atlas
SAFB2	6816	ChIP-Atlas
SAP30	7970	ChIP-Atlas
SETDB1	3210	ChIP-Atlas
SHOX2	215	ChIP-Atlas
SIN3A	14220	ChIP-Atlas
SIN3B	5355	ChIP-Atlas
SIRT6	3932	ChIP-Atlas
SIX5	5169	ChIP-Atlas
SKIL	7410	ChIP-Atlas
SMAD1	11645	ChIP-Atlas
SMAD2	12655	ChIP-Atlas
SMAD3	13425	ChIP-Atlas
SMAD5	9855	ChIP-Atlas
SMARCA4	16862	ChIP-Atlas
SMARCA5	7272	ChIP-Atlas
SMARCB1	12221	ChIP-Atlas
SMARCC2	11448	ChIP-Atlas
SMARCE1	10028	ChIP-Atlas
SMC3	13811	ChIP-Atlas
SNIP1	4639	ChIP-Atlas
SNRNP70	210	ChIP-Atlas
SOX6	11421	ChIP-Atlas
SP1	15375	ChIP-Atlas
SP2	11710	ChIP-Atlas
SPI1	15447	ChIP-Atlas
SREBF1	6951	ChIP-Atlas
SRF	12822	ChIP-Atlas
SRSF1	6319	ChIP-Atlas
SRSF3	2722	ChIP-Atlas
SRSF4	1466	ChIP-Atlas
SRSF7	276	ChIP-Atlas
SRSF9	17	ChIP-Atlas
STAG1	14121	ChIP-Atlas
STAT1	13520	ChIP-Atlas
STAT2	3987	ChIP-Atlas
STAT5A	12997	ChIP-Atlas
SUZ12	14813	ChIP-Atlas
TAF1	14674	ChIP-Atlas
TAF15	6896	ChIP-Atlas
TAF7	8715	ChIP-Atlas
TAF9B	7346	ChIP-Atlas
TAL1	12877	ChIP-Atlas
TARDBP	9259	ChIP-Atlas
TBL1XR1	6341	ChIP-Atlas
TBP	13869	ChIP-Atlas
TBX18	331	ChIP-Atlas
TCF12	14192	ChIP-Atlas
TCF3	13677	ChIP-Atlas
TCF7	13152	ChIP-Atlas
TCF7L2	12508	ChIP-Atlas
TCFL5	58	ChIP-Atlas
TEAD1	11499	ChIP-Atlas
TEAD2	990	ChIP-Atlas
TFDP1	11982	ChIP-Atlas
THAP1	3968	ChIP-Atlas
THRA	10085	ChIP-Atlas
THRAP3	1904	ChIP-Atlas
TP53	13693	ChIP-Atlas
TRIM24	12140	ChIP-Atlas
TRIM28	15355	ChIP-Atlas
TRIP13	256	ChIP-Atlas
TSC22D4	48	ChIP-Atlas
TSHZ1	1078	ChIP-Atlas
U2AF1	5842	ChIP-Atlas
UBTF	12307	ChIP-Atlas
USF1	12770	ChIP-Atlas
USF2	10697	ChIP-Atlas
VEZF1	11996	ChIP-Atlas
WDR5	14385	ChIP-Atlas
XRCC3	412	ChIP-Atlas
XRCC5	10837	ChIP-Atlas
YBX1	170	ChIP-Atlas
YBX3	480	ChIP-Atlas
YY1	15326	ChIP-Atlas
ZBED1	3750	ChIP-Atlas
ZBTB11	9694	ChIP-Atlas
ZBTB12	3911	ChIP-Atlas
ZBTB2	3891	ChIP-Atlas
ZBTB33	10566	ChIP-Atlas
ZBTB40	9838	ChIP-Atlas
ZBTB5	1007	ChIP-Atlas
ZBTB7A	13765	ChIP-Atlas
ZC3H11A	408	ChIP-Atlas
ZEB2	8889	ChIP-Atlas
ZFP36	2645	ChIP-Atlas
ZFP91	12421	ChIP-Atlas
ZFX	14445	ChIP-Atlas
ZHX1	418	ChIP-Atlas
ZKSCAN1	3080	ChIP-Atlas
ZKSCAN3	56	ChIP-Atlas
ZKSCAN8	5979	ChIP-Atlas
ZMIZ1	4686	ChIP-Atlas
ZMYM3	10079	ChIP-Atlas
ZNF12	8167	ChIP-Atlas
ZNF133	303	ChIP-Atlas
ZNF134	315	ChIP-Atlas
ZNF143	13233	ChIP-Atlas
ZNF148	7228	ChIP-Atlas
ZNF165	148	ChIP-Atlas
ZNF174	246	ChIP-Atlas
ZNF175	2918	ChIP-Atlas
ZNF184	2391	ChIP-Atlas
ZNF197	3304	ChIP-Atlas
ZNF215	175	ChIP-Atlas
ZNF23	164	ChIP-Atlas
ZNF239	976	ChIP-Atlas
ZNF24	6957	ChIP-Atlas
ZNF253	35	ChIP-Atlas
ZNF257	225	ChIP-Atlas
ZNF263	11795	ChIP-Atlas
ZNF274	10657	ChIP-Atlas
ZNF280A	29	ChIP-Atlas
ZNF281	9610	ChIP-Atlas
ZNF282	2997	ChIP-Atlas
ZNF3	2483	ChIP-Atlas
ZNF311	343	ChIP-Atlas
ZNF316	5662	ChIP-Atlas
ZNF318	5361	ChIP-Atlas
ZNF319	621	ChIP-Atlas
ZNF324	3050	ChIP-Atlas
ZNF354B	467	ChIP-Atlas
ZNF384	11668	ChIP-Atlas
ZNF395	8196	ChIP-Atlas
ZNF397	83	ChIP-Atlas
ZNF407	11091	ChIP-Atlas
ZNF408	34	ChIP-Atlas
ZNF41	156	ChIP-Atlas
ZNF436	155	ChIP-Atlas
ZNF444	4716	ChIP-Atlas
ZNF445	55	ChIP-Atlas
ZNF507	825	ChIP-Atlas
ZNF512	1623	ChIP-Atlas
ZNF583	654	ChIP-Atlas
ZNF584	2828	ChIP-Atlas
ZNF589	4252	ChIP-Atlas
ZNF592	6087	ChIP-Atlas
ZNF639	9848	ChIP-Atlas
ZNF644	5096	ChIP-Atlas
ZNF696	15	ChIP-Atlas
ZNF700	39	ChIP-Atlas
ZNF740	4584	ChIP-Atlas
ZNF75A	127	ChIP-Atlas
ZNF76	7992	ChIP-Atlas
ZNF764	155	ChIP-Atlas
ZNF766	9620	ChIP-Atlas
ZNF77	41	ChIP-Atlas
ZNF79	43	ChIP-Atlas
ZNF83	8350	ChIP-Atlas
ZNF830	2097	ChIP-Atlas
ZSCAN29	6044	ChIP-Atlas
ZZZ3	5538	ChIP-Atlas
ADNP	977	DoRothEA
ADNP2	273	DoRothEA
AEBP2	734	DoRothEA
AHR	1413	DoRothEA
AHRR	21	DoRothEA
AIRE	416	DoRothEA
ALX1	764	DoRothEA
ALX3	385	DoRothEA
ALX4	432	DoRothEA
AR	1974	DoRothEA
ARID1A	1076	DoRothEA
ARID1B	788	DoRothEA
ARID2	1011	DoRothEA
ARID3A	794	DoRothEA
ARID3B	769	DoRothEA
ARID4A	525	DoRothEA
ARID4B	545	DoRothEA
ARID5A	899	DoRothEA
ARID5B	713	DoRothEA
ARNT	1447	DoRothEA
ARNT2	472	DoRothEA
ARNTL	1211	DoRothEA
ARNTL2	712	DoRothEA
ARX	402	DoRothEA
ASCL1	1237	DoRothEA
ASCL2	482	DoRothEA
ATF1	1844	DoRothEA
ATF2	1628	DoRothEA
ATF3	1368	DoRothEA
ATF4	1381	DoRothEA
ATF5	340	DoRothEA
ATF6	1882	DoRothEA
ATF6B	1094	DoRothEA
ATF7	1069	DoRothEA
ATOH1	1114	DoRothEA
ATOH8	296	DoRothEA
ATRX	741	DoRothEA
BACH1	1424	DoRothEA
BACH2	1162	DoRothEA
BARHL1	542	DoRothEA
BARHL2	590	DoRothEA
BARX1	462	DoRothEA
BARX2	491	DoRothEA
BATF	1463	DoRothEA
BATF2	241	DoRothEA
BATF3	1266	DoRothEA
BBX	757	DoRothEA
BCL11A	1174	DoRothEA
BCL11B	425	DoRothEA
BCL3	889	DoRothEA
BCL6	1391	DoRothEA
BCL6B	716	DoRothEA
BHLHA15	1025	DoRothEA
BHLHE22	1088	DoRothEA
BHLHE23	280	DoRothEA
BHLHE40	1136	DoRothEA
BHLHE41	351	DoRothEA
BNC1	258	DoRothEA
BNC2	720	DoRothEA
BSX	426	DoRothEA
CASZ1	273	DoRothEA
CDC5L	1279	DoRothEA
CDX1	911	DoRothEA
CDX2	1356	DoRothEA
CEBPA	11876	DoRothEA
CEBPB	1551	DoRothEA
CEBPD	1430	DoRothEA
CEBPE	721	DoRothEA
CEBPG	1743	DoRothEA
CIC	462	DoRothEA
CLOCK	1898	DoRothEA
CNOT4	345	DoRothEA
CREB1	1742	DoRothEA
CREB3	2153	DoRothEA
CREB3L1	1009	DoRothEA
CREB3L2	797	DoRothEA
CREB3L3	326	DoRothEA
CREB3L4	670	DoRothEA
CREB5	720	DoRothEA
CREBL2	1048	DoRothEA
CREBZF	495	DoRothEA
CREM	1457	DoRothEA
CRX	585	DoRothEA
CSRNP1	151	DoRothEA
CSRNP2	215	DoRothEA
CSRNP3	404	DoRothEA
CTCF	16796	DoRothEA
CTCFL	988	DoRothEA
CUX1	1622	DoRothEA
CUX2	468	DoRothEA
CXXC1	901	DoRothEA
DBP	1073	DoRothEA
DDIT3	183	DoRothEA
DEAF1	755	DoRothEA
DLX1	600	DoRothEA
DLX2	416	DoRothEA
DLX3	929	DoRothEA
DLX4	405	DoRothEA
DLX5	36	DoRothEA
DLX6	447	DoRothEA
DMAP1	922	DoRothEA
DMBX1	411	DoRothEA
DMRT1	326	DoRothEA
DMRT2	12	DoRothEA
DMRT3	468	DoRothEA
DMRTA1	172	DoRothEA
DMRTB1	383	DoRothEA
DMRTC2	371	DoRothEA
DMTF1	717	DoRothEA
DNAJC1	1062	DoRothEA
DNAJC2	1210	DoRothEA
DNMT1	1493	DoRothEA
DNMT3A	466	DoRothEA
DNMT3B	837	DoRothEA
DNMT3L	1	DoRothEA
DUX4	880	DoRothEA
DUXA	423	DoRothEA
E2F1	7245	DoRothEA
E2F2	1415	DoRothEA
E2F3	1636	DoRothEA
E2F4	7493	DoRothEA
E2F5	1250	DoRothEA
E2F6	1665	DoRothEA
E2F7	1398	DoRothEA
E2F8	724	DoRothEA
E4F1	819	DoRothEA
EBF1	1765	DoRothEA
EBF2	526	DoRothEA
EBF3	389	DoRothEA
EBF4	595	DoRothEA
EGR1	12158	DoRothEA
EGR2	791	DoRothEA
EGR3	463	DoRothEA
EGR4	475	DoRothEA
EHF	1214	DoRothEA
ELF1	1748	DoRothEA
ELF2	623	DoRothEA
ELF3	1617	DoRothEA
ELF4	998	DoRothEA
ELF5	1126	DoRothEA
ELK1	1292	DoRothEA
ELK3	1302	DoRothEA
ELK4	1282	DoRothEA
ELMSAN1	192	DoRothEA
EMX1	435	DoRothEA
EMX2	546	DoRothEA
EN1	476	DoRothEA
EN2	413	DoRothEA
EOMES	1098	DoRothEA
EPAS1	1497	DoRothEA
ERF	662	DoRothEA
ERG	1743	DoRothEA
ESR1	7622	DoRothEA
ESR2	1145	DoRothEA
ESRRA	2220	DoRothEA
ESRRB	592	DoRothEA
ESRRG	766	DoRothEA
ESX1	406	DoRothEA
ETS1	10514	DoRothEA
ETS2	840	DoRothEA
ETV1	1568	DoRothEA
ETV2	1027	DoRothEA
ETV3	759	DoRothEA
ETV4	1464	DoRothEA
ETV5	933	DoRothEA
ETV6	868	DoRothEA
ETV7	392	DoRothEA
EVX1	322	DoRothEA
EVX2	717	DoRothEA
FEV	758	DoRothEA
FEZF1	427	DoRothEA
FEZF2	314	DoRothEA
FIGLA	429	DoRothEA
FIZ1	733	DoRothEA
FLI1	1877	DoRothEA
FOS	9945	DoRothEA
FOSB	491	DoRothEA
FOSL1	1557	DoRothEA
FOSL2	1383	DoRothEA
FOXA1	12242	DoRothEA
FOXA2	1395	DoRothEA
FOXA3	669	DoRothEA
FOXB1	417	DoRothEA
FOXC1	1160	DoRothEA
FOXC2	783	DoRothEA
FOXD1	498	DoRothEA
FOXD2	529	DoRothEA
FOXD3	650	DoRothEA
FOXE1	165	DoRothEA
FOXF1	191	DoRothEA
FOXF2	545	DoRothEA
FOXG1	600	DoRothEA
FOXH1	511	DoRothEA
FOXI1	736	DoRothEA
FOXJ1	168	DoRothEA
FOXJ2	1485	DoRothEA
FOXJ3	1395	DoRothEA
FOXK1	1053	DoRothEA
FOXK2	1434	DoRothEA
FOXL1	659	DoRothEA
FOXL2	81	DoRothEA
FOXM1	1462	DoRothEA
FOXN1	315	DoRothEA
FOXN2	390	DoRothEA
FOXN3	738	DoRothEA
FOXN4	65	DoRothEA
FOXO1	1673	DoRothEA
FOXO3	1103	DoRothEA
FOXO4	1263	DoRothEA
FOXO6	858	DoRothEA
FOXP1	4470	DoRothEA
FOXP2	1523	DoRothEA
FOXP3	575	DoRothEA
FOXP4	308	DoRothEA
FOXQ1	723	DoRothEA
FOXS1	428	DoRothEA
GABPA	1754	DoRothEA
GATA1	1344	DoRothEA
GATA2	6873	DoRothEA
GATA3	9059	DoRothEA
GATA4	794	DoRothEA
GATA5	516	DoRothEA
GATA6	1373	DoRothEA
GATAD1	916	DoRothEA
GATAD2A	958	DoRothEA
GATAD2B	402	DoRothEA
GBX1	406	DoRothEA
GBX2	416	DoRothEA
GCM1	417	DoRothEA
GCM2	417	DoRothEA
GFI1	1076	DoRothEA
GFI1B	1053	DoRothEA
GLI1	459	DoRothEA
GLI2	1212	DoRothEA
GLI3	911	DoRothEA
GLI4	998	DoRothEA
GLIS1	488	DoRothEA
GLIS2	1113	DoRothEA
GLIS3	873	DoRothEA
GMEB1	833	DoRothEA
GMEB2	642	DoRothEA
GRHL1	610	DoRothEA
GRHL2	1735	DoRothEA
GRHL3	389	DoRothEA
GSC	408	DoRothEA
GSC2	406	DoRothEA
GSX1	414	DoRothEA
GSX2	419	DoRothEA
GTF3A	1184	DoRothEA
GZF1	207	DoRothEA
HAND1	88	DoRothEA
HAND2	409	DoRothEA
HBP1	1136	DoRothEA
HDX	285	DoRothEA
HES1	885	DoRothEA
HES2	834	DoRothEA
HES4	338	DoRothEA
HES5	284	DoRothEA
HES6	190	DoRothEA
HES7	229	DoRothEA
HESX1	371	DoRothEA
HEY1	426	DoRothEA
HEY2	533	DoRothEA
HEYL	429	DoRothEA
HHEX	682	DoRothEA
HIC1	1422	DoRothEA
HIC2	581	DoRothEA
HIF1A	2848	DoRothEA
HIF3A	509	DoRothEA
HINFP	1518	DoRothEA
HIVEP1	231	DoRothEA
HIVEP2	420	DoRothEA
HIVEP3	192	DoRothEA
HKR1	431	DoRothEA
HLF	1003	DoRothEA
HLX	352	DoRothEA
HMBOX1	1384	DoRothEA
HMG20A	530	DoRothEA
HMG20B	802	DoRothEA
HMGA1	1010	DoRothEA
HMGA2	91	DoRothEA
HMGXB3	849	DoRothEA
HMGXB4	580	DoRothEA
HMX1	406	DoRothEA
HMX2	426	DoRothEA
HMX3	416	DoRothEA
HNF1A	691	DoRothEA
HNF1B	1188	DoRothEA
HNF4A	11025	DoRothEA
HNF4G	1248	DoRothEA
HOMEZ	455	DoRothEA
HOPX	346	DoRothEA
HOXA1	169	DoRothEA
HOXA10	851	DoRothEA
HOXA11	439	DoRothEA
HOXA13	694	DoRothEA
HOXA2	379	DoRothEA
HOXA3	89	DoRothEA
HOXA4	71	DoRothEA
HOXA5	462	DoRothEA
HOXA6	31	DoRothEA
HOXA7	48	DoRothEA
HOXA9	1102	DoRothEA
HOXB1	2	DoRothEA
HOXB13	1348	DoRothEA
HOXB2	693	DoRothEA
HOXB3	633	DoRothEA
HOXB4	561	DoRothEA
HOXB5	470	DoRothEA
HOXB6	67	DoRothEA
HOXB7	677	DoRothEA
HOXB8	410	DoRothEA
HOXB9	22	DoRothEA
HOXC10	505	DoRothEA
HOXC11	549	DoRothEA
HOXC12	420	DoRothEA
HOXC13	609	DoRothEA
HOXC4	70	DoRothEA
HOXC6	51	DoRothEA
HOXC8	21	DoRothEA
HOXC9	841	DoRothEA
HOXD1	1	DoRothEA
HOXD10	22	DoRothEA
HOXD11	412	DoRothEA
HOXD12	420	DoRothEA
HOXD13	647	DoRothEA
HOXD3	436	DoRothEA
HOXD8	446	DoRothEA
HOXD9	458	DoRothEA
HSF1	1966	DoRothEA
HSF2	825	DoRothEA
HSF4	1038	DoRothEA
HSF5	56	DoRothEA
ID1	100	DoRothEA
ID2	463	DoRothEA
ID3	624	DoRothEA
ID4	651	DoRothEA
IKZF1	1507	DoRothEA
IKZF2	192	DoRothEA
IKZF3	435	DoRothEA
IKZF4	135	DoRothEA
IKZF5	453	DoRothEA
INSM1	808	DoRothEA
IRF1	1187	DoRothEA
IRF2	1433	DoRothEA
IRF3	2141	DoRothEA
IRF4	1392	DoRothEA
IRF5	1244	DoRothEA
IRF6	529	DoRothEA
IRF7	1214	DoRothEA
IRF8	1402	DoRothEA
IRF9	1489	DoRothEA
IRX1	29	DoRothEA
IRX2	93	DoRothEA
IRX3	106	DoRothEA
IRX4	219	DoRothEA
IRX5	103	DoRothEA
IRX6	117	DoRothEA
ISL1	485	DoRothEA
ISL2	410	DoRothEA
ISX	802	DoRothEA
JARID2	594	DoRothEA
JDP2	523	DoRothEA
JUN	1660	DoRothEA
JUNB	1299	DoRothEA
JUND	1376	DoRothEA
KAT5	747	DoRothEA
KAT6A	520	DoRothEA
KAT6B	454	DoRothEA
KAT7	618	DoRothEA
KAT8	572	DoRothEA
KDM2A	593	DoRothEA
KDM5A	785	DoRothEA
KDM5B	958	DoRothEA
KDM5C	336	DoRothEA
KDM5D	64	DoRothEA
KLF1	1298	DoRothEA
KLF10	119	DoRothEA
KLF11	231	DoRothEA
KLF12	1080	DoRothEA
KLF13	1140	DoRothEA
KLF14	365	DoRothEA
KLF15	706	DoRothEA
KLF16	804	DoRothEA
KLF2	236	DoRothEA
KLF3	953	DoRothEA
KLF4	1256	DoRothEA
KLF5	1496	DoRothEA
KLF6	982	DoRothEA
KLF7	385	DoRothEA
KLF8	750	DoRothEA
KLF9	1583	DoRothEA
KMT2A	1095	DoRothEA
KMT2B	794	DoRothEA
L3MBTL1	677	DoRothEA
LBX1	419	DoRothEA
LBX2	403	DoRothEA
LEF1	1548	DoRothEA
LHX1	139	DoRothEA
LHX2	912	DoRothEA
LHX3	574	DoRothEA
LHX4	380	DoRothEA
LHX6	556	DoRothEA
LHX8	211	DoRothEA
LHX9	426	DoRothEA
LMX1A	159	DoRothEA
LMX1B	300	DoRothEA
LRRFIP1	652	DoRothEA
LRRFIP2	266	DoRothEA
LYAR	1022	DoRothEA
LYL1	1689	DoRothEA
MAF	1284	DoRothEA
MAFA	28	DoRothEA
MAFB	1586	DoRothEA
MAFF	1262	DoRothEA
MAFG	1353	DoRothEA
MAFK	1441	DoRothEA
MAX	1526	DoRothEA
MAZ	1451	DoRothEA
MBD1	1407	DoRothEA
MECOM	922	DoRothEA
MEF2A	1734	DoRothEA
MEF2B	1483	DoRothEA
MEF2C	1452	DoRothEA
MEF2D	1100	DoRothEA
MEIS1	1460	DoRothEA
MEIS2	1639	DoRothEA
MEIS3	1099	DoRothEA
MEOX1	620	DoRothEA
MEOX2	1062	DoRothEA
MESP1	508	DoRothEA
MGA	882	DoRothEA
MIER1	1215	DoRothEA
MIER2	610	DoRothEA
MIER3	484	DoRothEA
MITF	6933	DoRothEA
MIXL1	401	DoRothEA
MKX	192	DoRothEA
MLX	1364	DoRothEA
MLXIP	750	DoRothEA
MLXIPL	417	DoRothEA
MNT	1058	DoRothEA
MNX1	525	DoRothEA
MSC	828	DoRothEA
MSX1	704	DoRothEA
MSX2	431	DoRothEA
MTA1	1234	DoRothEA
MTA2	1473	DoRothEA
MTA3	1162	DoRothEA
MTF1	1432	DoRothEA
MXD1	462	DoRothEA
MXD3	495	DoRothEA
MXD4	607	DoRothEA
MXI1	1548	DoRothEA
MYB	1584	DoRothEA
MYBL1	460	DoRothEA
MYBL2	1198	DoRothEA
MYC	2152	DoRothEA
MYCL	405	DoRothEA
MYCN	1075	DoRothEA
MYF5	1	DoRothEA
MYF6	741	DoRothEA
MYNN	1075	DoRothEA
MYOD1	1508	DoRothEA
MYOG	877	DoRothEA
MYRF	282	DoRothEA
MYT1	264	DoRothEA
MYT1L	283	DoRothEA
MZF1	1028	DoRothEA
NANOG	892	DoRothEA
NCOA1	617	DoRothEA
NCOA2	990	DoRothEA
NCOA3	880	DoRothEA
NCOR1	952	DoRothEA
NCOR2	775	DoRothEA
NEUROD1	1209	DoRothEA
NEUROD2	797	DoRothEA
NEUROD6	324	DoRothEA
NEUROG1	361	DoRothEA
NEUROG2	329	DoRothEA
NEUROG3	5	DoRothEA
NFAT5	972	DoRothEA
NFATC1	1297	DoRothEA
NFATC2	935	DoRothEA
NFATC3	1430	DoRothEA
NFATC4	1183	DoRothEA
NFE2	1514	DoRothEA
NFE2L1	1512	DoRothEA
NFE2L2	1707	DoRothEA
NFE2L3	245	DoRothEA
NFIA	1410	DoRothEA
NFIB	332	DoRothEA
NFIC	1868	DoRothEA
NFIL3	699	DoRothEA
NFIX	1034	DoRothEA
NFKB1	2531	DoRothEA
NFKB2	1438	DoRothEA
NFKBIA	589	DoRothEA
NFKBIB	778	DoRothEA
NFKBID	493	DoRothEA
NFKBIE	651	DoRothEA
NFKBIL1	594	DoRothEA
NFKBIZ	290	DoRothEA
NFX1	625	DoRothEA
NFXL1	450	DoRothEA
NFYA	1428	DoRothEA
NFYB	1640	DoRothEA
NFYC	986	DoRothEA
NHLH1	593	DoRothEA
NHLH2	136	DoRothEA
NKX2-1	487	DoRothEA
NKX2-2	260	DoRothEA
NKX2-3	551	DoRothEA
NKX2-5	815	DoRothEA
NKX2-8	810	DoRothEA
NKX3-1	988	DoRothEA
NKX3-2	822	DoRothEA
NKX6-1	831	DoRothEA
NKX6-2	469	DoRothEA
NOBOX	544	DoRothEA
NONO	1407	DoRothEA
NOTO	360	DoRothEA
NPAS1	194	DoRothEA
NPAS2	562	DoRothEA
NPAS3	270	DoRothEA
NPAS4	350	DoRothEA
NR0B1	113	DoRothEA
NR0B2	172	DoRothEA
NR1D1	451	DoRothEA
NR1D2	103	DoRothEA
NR1H2	1117	DoRothEA
NR1H3	1176	DoRothEA
NR1H4	1041	DoRothEA
NR1I2	750	DoRothEA
NR1I3	450	DoRothEA
NR2C1	887	DoRothEA
NR2C2	1493	DoRothEA
NR2E1	546	DoRothEA
NR2E3	809	DoRothEA
NR2F1	1629	DoRothEA
NR2F2	1879	DoRothEA
NR2F6	1729	DoRothEA
NR3C1	1406	DoRothEA
NR3C2	871	DoRothEA
NR4A1	1269	DoRothEA
NR4A2	828	DoRothEA
NR4A3	141	DoRothEA
NR5A1	612	DoRothEA
NR5A2	1298	DoRothEA
NR6A1	622	DoRothEA
NRF1	1315	DoRothEA
NRL	799	DoRothEA
OLIG1	414	DoRothEA
OLIG2	873	DoRothEA
OLIG3	343	DoRothEA
ONECUT1	1134	DoRothEA
ONECUT2	444	DoRothEA
ONECUT3	429	DoRothEA
OSR1	272	DoRothEA
OSR2	524	DoRothEA
OTX1	484	DoRothEA
OTX2	1441	DoRothEA
OVOL1	834	DoRothEA
OVOL2	564	DoRothEA
PATZ1	692	DoRothEA
PAX1	409	DoRothEA
PAX2	611	DoRothEA
PAX3	237	DoRothEA
PAX4	214	DoRothEA
PAX5	1391	DoRothEA
PAX6	1292	DoRothEA
PAX7	177	DoRothEA
PAX8	504	DoRothEA
PAX9	470	DoRothEA
PBRM1	993	DoRothEA
PBX1	1343	DoRothEA
PBX2	1726	DoRothEA
PBX3	1471	DoRothEA
PBX4	469	DoRothEA
PDX1	1220	DoRothEA
PEG3	279	DoRothEA
PGR	1417	DoRothEA
PHF5A	1677	DoRothEA
PHOX2A	375	DoRothEA
PHOX2B	309	DoRothEA
PHTF1	576	DoRothEA
PHTF2	455	DoRothEA
PITX1	596	DoRothEA
PITX2	59	DoRothEA
PITX3	406	DoRothEA
PKNOX1	1345	DoRothEA
PKNOX2	636	DoRothEA
PLAG1	566	DoRothEA
PLAGL1	486	DoRothEA
PLAGL2	231	DoRothEA
POGZ	781	DoRothEA
POU1F1	811	DoRothEA
POU2F1	1550	DoRothEA
POU2F2	1466	DoRothEA
POU2F3	650	DoRothEA
POU3F1	908	DoRothEA
POU3F2	886	DoRothEA
POU3F3	623	DoRothEA
POU3F4	606	DoRothEA
POU4F1	398	DoRothEA
POU4F2	856	DoRothEA
POU4F3	397	DoRothEA
POU5F1	1377	DoRothEA
POU5F1B	395	DoRothEA
POU6F1	999	DoRothEA
POU6F2	424	DoRothEA
PPARA	916	DoRothEA
PPARD	490	DoRothEA
PPARG	1815	DoRothEA
PPP1R13L	617	DoRothEA
PRDM1	1556	DoRothEA
PRDM10	223	DoRothEA
PRDM14	4650	DoRothEA
PRDM15	387	DoRothEA
PRDM16	527	DoRothEA
PRDM2	340	DoRothEA
PRDM4	747	DoRothEA
PRDM5	506	DoRothEA
PRDM6	616	DoRothEA
PRDM8	350	DoRothEA
PROP1	338	DoRothEA
PROX1	932	DoRothEA
PROX2	129	DoRothEA
PRRX1	1025	DoRothEA
PRRX2	1439	DoRothEA
PSPC1	811	DoRothEA
PTF1A	403	DoRothEA
PURA	431	DoRothEA
PURB	430	DoRothEA
PURG	235	DoRothEA
RARA	1707	DoRothEA
RARB	645	DoRothEA
RARG	1659	DoRothEA
RAX	406	DoRothEA
RAX2	426	DoRothEA
RBAK	290	DoRothEA
RBPJ	1767	DoRothEA
RBPJL	201	DoRothEA
RC3H2	870	DoRothEA
RCOR1	1018	DoRothEA
RCOR2	326	DoRothEA
RCOR3	576	DoRothEA
REL	1169	DoRothEA
RELA	2050	DoRothEA
RELB	1512	DoRothEA
RERE	400	DoRothEA
REST	1430	DoRothEA
RFX1	954	DoRothEA
RFX2	654	DoRothEA
RFX3	743	DoRothEA
RFX4	350	DoRothEA
RFX5	1471	DoRothEA
RFX7	417	DoRothEA
RFX8	185	DoRothEA
RFXANK	1432	DoRothEA
RFXAP	323	DoRothEA
RHOXF1	412	DoRothEA
RLF	499	DoRothEA
RORA	1212	DoRothEA
RORB	522	DoRothEA
RORC	1040	DoRothEA
RREB1	675	DoRothEA
RUNX1	4030	DoRothEA
RUNX2	1551	DoRothEA
RUNX3	1610	DoRothEA
RXRA	1724	DoRothEA
RXRB	1553	DoRothEA
RXRG	1155	DoRothEA
SALL1	82	DoRothEA
SALL2	631	DoRothEA
SALL3	132	DoRothEA
SALL4	365	DoRothEA
SATB1	758	DoRothEA
SATB2	164	DoRothEA
SCRT1	629	DoRothEA
SCRT2	427	DoRothEA
SCX	292	DoRothEA
SFPQ	538	DoRothEA
SHOX	429	DoRothEA
SHOX2	499	DoRothEA
SIM1	111	DoRothEA
SIM2	19	DoRothEA
SIX1	811	DoRothEA
SIX2	1187	DoRothEA
SIX3	503	DoRothEA
SIX4	70	DoRothEA
SIX5	882	DoRothEA
SIX6	343	DoRothEA
SMAD1	826	DoRothEA
SMAD2	1659	DoRothEA
SMAD3	1562	DoRothEA
SMAD4	1959	DoRothEA
SMAD5	1081	DoRothEA
SMAD6	123	DoRothEA
SMAD7	116	DoRothEA
SMAD9	336	DoRothEA
SMARCA1	1240	DoRothEA
SMARCA5	1785	DoRothEA
SMARCC1	1249	DoRothEA
SMARCC2	1047	DoRothEA
SMARCE1	1041	DoRothEA
SNAI1	546	DoRothEA
SNAI2	1485	DoRothEA
SNAI3	340	DoRothEA
SNAPC4	1274	DoRothEA
SOHLH1	199	DoRothEA
SOX1	363	DoRothEA
SOX10	1188	DoRothEA
SOX11	881	DoRothEA
SOX12	377	DoRothEA
SOX13	1283	DoRothEA
SOX15	782	DoRothEA
SOX17	1071	DoRothEA
SOX18	222	DoRothEA
SOX2	4550	DoRothEA
SOX21	658	DoRothEA
SOX3	820	DoRothEA
SOX30	50	DoRothEA
SOX4	1006	DoRothEA
SOX5	872	DoRothEA
SOX6	1204	DoRothEA
SOX7	273	DoRothEA
SOX8	802	DoRothEA
SOX9	1540	DoRothEA
SP1	2124	DoRothEA
SP100	586	DoRothEA
SP110	420	DoRothEA
SP140	585	DoRothEA
SP140L	609	DoRothEA
SP2	1084	DoRothEA
SP3	1632	DoRothEA
SP4	1439	DoRothEA
SP5	53	DoRothEA
SP6	147	DoRothEA
SP7	2	DoRothEA
SP8	372	DoRothEA
SPDEF	610	DoRothEA
SPI1	4211	DoRothEA
SPIB	1382	DoRothEA
SPIC	417	DoRothEA
SREBF1	1172	DoRothEA
SREBF2	1412	DoRothEA
SRF	1533	DoRothEA
SRY	657	DoRothEA
SSRP1	1835	DoRothEA
ST18	239	DoRothEA
STAT1	12339	DoRothEA
STAT2	1511	DoRothEA
STAT3	2110	DoRothEA
STAT4	1120	DoRothEA
STAT5A	1594	DoRothEA
STAT5B	1601	DoRothEA
STAT6	1507	DoRothEA
T	1029	DoRothEA
TADA2A	312	DoRothEA
TADA2B	455	DoRothEA
TAF1	1292	DoRothEA
TAL1	4277	DoRothEA
TBP	1700	DoRothEA
TBPL1	505	DoRothEA
TBR1	541	DoRothEA
TBX1	601	DoRothEA
TBX15	619	DoRothEA
TBX18	382	DoRothEA
TBX19	775	DoRothEA
TBX2	988	DoRothEA
TBX20	408	DoRothEA
TBX21	1471	DoRothEA
TBX3	519	DoRothEA
TBX4	429	DoRothEA
TBX5	466	DoRothEA
TBX6	348	DoRothEA
TCF12	1957	DoRothEA
TCF15	182	DoRothEA
TCF21	562	DoRothEA
TCF23	57	DoRothEA
TCF25	1238	DoRothEA
TCF3	2017	DoRothEA
TCF4	1836	DoRothEA
TCF7	1503	DoRothEA
TCF7L1	1443	DoRothEA
TCF7L2	1379	DoRothEA
TCFL5	419	DoRothEA
TEAD1	2115	DoRothEA
TEAD2	1468	DoRothEA
TEAD3	1014	DoRothEA
TEAD4	2025	DoRothEA
TEF	460	DoRothEA
TET1	233	DoRothEA
TFAM	1324	DoRothEA
TFAP2A	1789	DoRothEA
TFAP2B	796	DoRothEA
TFAP2C	12989	DoRothEA
TFAP2E	301	DoRothEA
TFAP4	1403	DoRothEA
TFCP2	1310	DoRothEA
TFCP2L1	455	DoRothEA
TFDP1	2004	DoRothEA
TFDP2	664	DoRothEA
TFE3	1393	DoRothEA
TFEB	798	DoRothEA
TFEC	940	DoRothEA
TGIF1	1042	DoRothEA
TGIF2	992	DoRothEA
THAP1	1926	DoRothEA
THAP10	448	DoRothEA
THAP11	1050	DoRothEA
THAP2	320	DoRothEA
THAP3	447	DoRothEA
THAP4	1145	DoRothEA
THAP5	301	DoRothEA
THAP6	475	DoRothEA
THAP7	746	DoRothEA
THAP8	722	DoRothEA
THAP9	211	DoRothEA
THRA	879	DoRothEA
THRB	737	DoRothEA
TLX1	271	DoRothEA
TONSL	1089	DoRothEA
TOX	323	DoRothEA
TOX2	114	DoRothEA
TOX3	140	DoRothEA
TOX4	1155	DoRothEA
TP53	4733	DoRothEA
TP63	1366	DoRothEA
TP73	1390	DoRothEA
TRERF1	728	DoRothEA
TRPS1	294	DoRothEA
TSC22D1	229	DoRothEA
TSC22D2	295	DoRothEA
TSC22D3	232	DoRothEA
TSC22D4	894	DoRothEA
TSHZ1	301	DoRothEA
TSHZ2	563	DoRothEA
TSHZ3	1019	DoRothEA
TWIST1	1447	DoRothEA
TWIST2	873	DoRothEA
UBP1	859	DoRothEA
UBTF	982	DoRothEA
UNCX	775	DoRothEA
USF1	1744	DoRothEA
USF2	1751	DoRothEA
UTF1	1	DoRothEA
VAX1	406	DoRothEA
VAX2	406	DoRothEA
VDR	3078	DoRothEA
VENTX	938	DoRothEA
VEZF1	944	DoRothEA
VSX1	228	DoRothEA
VSX2	211	DoRothEA
WIZ	925	DoRothEA
WT1	461	DoRothEA
XBP1	874	DoRothEA
YBX1	1422	DoRothEA
YBX2	156	DoRothEA
YBX3	674	DoRothEA
YY1	1493	DoRothEA
YY2	424	DoRothEA
ZBED1	1061	DoRothEA
ZBED2	246	DoRothEA
ZBED3	482	DoRothEA
ZBED4	816	DoRothEA
ZBED5	380	DoRothEA
ZBED6	282	DoRothEA
ZBTB1	257	DoRothEA
ZBTB11	971	DoRothEA
ZBTB12	335	DoRothEA
ZBTB14	894	DoRothEA
ZBTB16	274	DoRothEA
ZBTB17	1204	DoRothEA
ZBTB18	739	DoRothEA
ZBTB2	325	DoRothEA
ZBTB20	175	DoRothEA
ZBTB21	373	DoRothEA
ZBTB22	442	DoRothEA
ZBTB24	645	DoRothEA
ZBTB25	384	DoRothEA
ZBTB26	200	DoRothEA
ZBTB32	103	DoRothEA
ZBTB33	1299	DoRothEA
ZBTB34	247	DoRothEA
ZBTB37	428	DoRothEA
ZBTB38	553	DoRothEA
ZBTB39	294	DoRothEA
ZBTB4	696	DoRothEA
ZBTB40	357	DoRothEA
ZBTB41	540	DoRothEA
ZBTB42	607	DoRothEA
ZBTB43	364	DoRothEA
ZBTB44	477	DoRothEA
ZBTB45	661	DoRothEA
ZBTB46	606	DoRothEA
ZBTB47	773	DoRothEA
ZBTB48	712	DoRothEA
ZBTB49	88	DoRothEA
ZBTB5	300	DoRothEA
ZBTB6	799	DoRothEA
ZBTB7A	1561	DoRothEA
ZBTB7B	1087	DoRothEA
ZBTB7C	771	DoRothEA
ZBTB8B	301	DoRothEA
ZC3H4	436	DoRothEA
ZC3H6	494	DoRothEA
ZC3H8	873	DoRothEA
ZEB1	2191	DoRothEA
ZEB2	1304	DoRothEA
ZFAT	256	DoRothEA
ZFHX2	416	DoRothEA
ZFHX3	454	DoRothEA
ZFHX4	381	DoRothEA
ZFP1	387	DoRothEA
ZFP14	406	DoRothEA
ZFP2	212	DoRothEA
ZFP28	664	DoRothEA
ZFP3	308	DoRothEA
ZFP30	179	DoRothEA
ZFP37	92	DoRothEA
ZFP41	427	DoRothEA
ZFP42	360	DoRothEA
ZFP57	3	DoRothEA
ZFP62	401	DoRothEA
ZFP64	767	DoRothEA
ZFP69	163	DoRothEA
ZFP69B	391	DoRothEA
ZFP82	557	DoRothEA
ZFP90	523	DoRothEA
ZFP91	1042	DoRothEA
ZFP92	164	DoRothEA
ZFPM1	280	DoRothEA
ZFPM2	667	DoRothEA
ZFX	1253	DoRothEA
ZFY	52	DoRothEA
ZGLP1	543	DoRothEA
ZGPAT	556	DoRothEA
ZHX1	1348	DoRothEA
ZHX2	668	DoRothEA
ZHX3	552	DoRothEA
ZIC1	895	DoRothEA
ZIC2	124	DoRothEA
ZIC3	949	DoRothEA
ZIC4	476	DoRothEA
ZIC5	131	DoRothEA
ZIK1	101	DoRothEA
ZIM3	417	DoRothEA
ZKSCAN1	1199	DoRothEA
ZKSCAN2	195	DoRothEA
ZKSCAN3	155	DoRothEA
ZKSCAN4	243	DoRothEA
ZKSCAN5	388	DoRothEA
ZKSCAN7	167	DoRothEA
ZKSCAN8	400	DoRothEA
ZNF10	200	DoRothEA
ZNF100	97	DoRothEA
ZNF101	356	DoRothEA
ZNF107	129	DoRothEA
ZNF112	72	DoRothEA
ZNF117	191	DoRothEA
ZNF121	837	DoRothEA
ZNF124	231	DoRothEA
ZNF131	667	DoRothEA
ZNF132	132	DoRothEA
ZNF133	466	DoRothEA
ZNF134	605	DoRothEA
ZNF135	234	DoRothEA
ZNF136	648	DoRothEA
ZNF138	407	DoRothEA
ZNF14	115	DoRothEA
ZNF140	738	DoRothEA
ZNF141	310	DoRothEA
ZNF142	535	DoRothEA
ZNF143	1544	DoRothEA
ZNF146	1195	DoRothEA
ZNF148	674	DoRothEA
ZNF154	56	DoRothEA
ZNF155	80	DoRothEA
ZNF16	299	DoRothEA
ZNF160	202	DoRothEA
ZNF165	268	DoRothEA
ZNF169	280	DoRothEA
ZNF17	79	DoRothEA
ZNF174	349	DoRothEA
ZNF175	671	DoRothEA
ZNF18	897	DoRothEA
ZNF180	312	DoRothEA
ZNF181	164	DoRothEA
ZNF182	385	DoRothEA
ZNF184	275	DoRothEA
ZNF189	86	DoRothEA
ZNF19	180	DoRothEA
ZNF195	677	DoRothEA
ZNF197	775	DoRothEA
ZNF2	204	DoRothEA
ZNF200	250	DoRothEA
ZNF202	608	DoRothEA
ZNF205	536	DoRothEA
ZNF208	24	DoRothEA
ZNF211	175	DoRothEA
ZNF212	301	DoRothEA
ZNF213	462	DoRothEA
ZNF214	628	DoRothEA
ZNF215	313	DoRothEA
ZNF217	717	DoRothEA
ZNF219	461	DoRothEA
ZNF22	451	DoRothEA
ZNF221	32	DoRothEA
ZNF222	30	DoRothEA
ZNF223	13	DoRothEA
ZNF224	467	DoRothEA
ZNF225	177	DoRothEA
ZNF226	304	DoRothEA
ZNF227	220	DoRothEA
ZNF229	42	DoRothEA
ZNF23	150	DoRothEA
ZNF230	85	DoRothEA
ZNF232	50	DoRothEA
ZNF233	39	DoRothEA
ZNF234	205	DoRothEA
ZNF235	44	DoRothEA
ZNF236	362	DoRothEA
ZNF239	636	DoRothEA
ZNF24	1095	DoRothEA
ZNF248	402	DoRothEA
ZNF25	815	DoRothEA
ZNF250	652	DoRothEA
ZNF251	429	DoRothEA
ZNF253	156	DoRothEA
ZNF254	186	DoRothEA
ZNF256	42	DoRothEA
ZNF257	434	DoRothEA
ZNF26	521	DoRothEA
ZNF260	736	DoRothEA
ZNF263	3820	DoRothEA
ZNF264	663	DoRothEA
ZNF266	107	DoRothEA
ZNF267	677	DoRothEA
ZNF268	307	DoRothEA
ZNF273	246	DoRothEA
ZNF274	1019	DoRothEA
ZNF275	309	DoRothEA
ZNF276	810	DoRothEA
ZNF277	782	DoRothEA
ZNF28	403	DoRothEA
ZNF280B	86	DoRothEA
ZNF280C	358	DoRothEA
ZNF280D	648	DoRothEA
ZNF281	770	DoRothEA
ZNF282	820	DoRothEA
ZNF283	222	DoRothEA
ZNF284	85	DoRothEA
ZNF285	77	DoRothEA
ZNF286A	269	DoRothEA
ZNF286B	15	DoRothEA
ZNF287	507	DoRothEA
ZNF292	401	DoRothEA
ZNF296	629	DoRothEA
ZNF3	443	DoRothEA
ZNF30	201	DoRothEA
ZNF300	287	DoRothEA
ZNF302	204	DoRothEA
ZNF304	70	DoRothEA
ZNF311	198	DoRothEA
ZNF316	490	DoRothEA
ZNF317	798	DoRothEA
ZNF319	364	DoRothEA
ZNF32	821	DoRothEA
ZNF320	625	DoRothEA
ZNF322	819	DoRothEA
ZNF324	707	DoRothEA
ZNF324B	324	DoRothEA
ZNF329	510	DoRothEA
ZNF331	528	DoRothEA
ZNF333	447	DoRothEA
ZNF334	222	DoRothEA
ZNF335	950	DoRothEA
ZNF337	158	DoRothEA
ZNF33A	523	DoRothEA
ZNF33B	483	DoRothEA
ZNF34	227	DoRothEA
ZNF341	877	DoRothEA
ZNF343	366	DoRothEA
ZNF345	313	DoRothEA
ZNF347	156	DoRothEA
ZNF35	572	DoRothEA
ZNF350	530	DoRothEA
ZNF354A	755	DoRothEA
ZNF354B	392	DoRothEA
ZNF354C	360	DoRothEA
ZNF358	660	DoRothEA
ZNF362	643	DoRothEA
ZNF366	242	DoRothEA
ZNF37A	226	DoRothEA
ZNF382	640	DoRothEA
ZNF383	223	DoRothEA
ZNF384	1665	DoRothEA
ZNF391	238	DoRothEA
ZNF394	734	DoRothEA
ZNF396	332	DoRothEA
ZNF397	413	DoRothEA
ZNF398	365	DoRothEA
ZNF404	172	DoRothEA
ZNF407	436	DoRothEA
ZNF408	455	DoRothEA
ZNF41	834	DoRothEA
ZNF410	550	DoRothEA
ZNF414	746	DoRothEA
ZNF415	104	DoRothEA
ZNF416	138	DoRothEA
ZNF417	122	DoRothEA
ZNF418	527	DoRothEA
ZNF419	80	DoRothEA
ZNF420	182	DoRothEA
ZNF423	1148	DoRothEA
ZNF425	192	DoRothEA
ZNF426	98	DoRothEA
ZNF429	153	DoRothEA
ZNF43	201	DoRothEA
ZNF430	289	DoRothEA
ZNF431	320	DoRothEA
ZNF432	298	DoRothEA
ZNF433	44	DoRothEA
ZNF436	440	DoRothEA
ZNF438	528	DoRothEA
ZNF439	115	DoRothEA
ZNF44	162	DoRothEA
ZNF440	415	DoRothEA
ZNF441	194	DoRothEA
ZNF442	30	DoRothEA
ZNF443	131	DoRothEA
ZNF444	564	DoRothEA
ZNF445	433	DoRothEA
ZNF446	415	DoRothEA
ZNF449	597	DoRothEA
ZNF45	293	DoRothEA
ZNF451	572	DoRothEA
ZNF454	39	DoRothEA
ZNF460	184	DoRothEA
ZNF461	147	DoRothEA
ZNF462	137	DoRothEA
ZNF467	573	DoRothEA
ZNF468	402	DoRothEA
ZNF469	492	DoRothEA
ZNF470	60	DoRothEA
ZNF471	336	DoRothEA
ZNF48	483	DoRothEA
ZNF480	221	DoRothEA
ZNF483	275	DoRothEA
ZNF484	178	DoRothEA
ZNF485	391	DoRothEA
ZNF487	299	DoRothEA
ZNF490	422	DoRothEA
ZNF491	151	DoRothEA
ZNF493	174	DoRothEA
ZNF496	416	DoRothEA
ZNF497	340	DoRothEA
ZNF500	286	DoRothEA
ZNF501	146	DoRothEA
ZNF502	439	DoRothEA
ZNF506	331	DoRothEA
ZNF507	471	DoRothEA
ZNF510	281	DoRothEA
ZNF511	725	DoRothEA
ZNF512	455	DoRothEA
ZNF512B	552	DoRothEA
ZNF513	791	DoRothEA
ZNF514	147	DoRothEA
ZNF516	270	DoRothEA
ZNF517	628	DoRothEA
ZNF518A	421	DoRothEA
ZNF518B	242	DoRothEA
ZNF519	385	DoRothEA
ZNF521	674	DoRothEA
ZNF524	837	DoRothEA
ZNF525	163	DoRothEA
ZNF526	280	DoRothEA
ZNF527	174	DoRothEA
ZNF528	520	DoRothEA
ZNF529	443	DoRothEA
ZNF530	183	DoRothEA
ZNF532	352	DoRothEA
ZNF536	308	DoRothEA
ZNF540	238	DoRothEA
ZNF541	85	DoRothEA
ZNF543	39	DoRothEA
ZNF544	146	DoRothEA
ZNF546	311	DoRothEA
ZNF547	478	DoRothEA
ZNF548	209	DoRothEA
ZNF549	546	DoRothEA
ZNF550	103	DoRothEA
ZNF551	61	DoRothEA
ZNF552	275	DoRothEA
ZNF554	676	DoRothEA
ZNF555	52	DoRothEA
ZNF556	245	DoRothEA
ZNF557	194	DoRothEA
ZNF558	326	DoRothEA
ZNF559	121	DoRothEA
ZNF561	418	DoRothEA
ZNF562	441	DoRothEA
ZNF563	536	DoRothEA
ZNF565	46	DoRothEA
ZNF566	137	DoRothEA
ZNF567	132	DoRothEA
ZNF568	174	DoRothEA
ZNF569	300	DoRothEA
ZNF57	214	DoRothEA
ZNF570	133	DoRothEA
ZNF571	137	DoRothEA
ZNF572	105	DoRothEA
ZNF573	121	DoRothEA
ZNF574	284	DoRothEA
ZNF575	517	DoRothEA
ZNF576	888	DoRothEA
ZNF577	208	DoRothEA
ZNF578	8	DoRothEA
ZNF579	360	DoRothEA
ZNF580	480	DoRothEA
ZNF581	508	DoRothEA
ZNF582	460	DoRothEA
ZNF583	86	DoRothEA
ZNF584	766	DoRothEA
ZNF585A	243	DoRothEA
ZNF585B	159	DoRothEA
ZNF586	521	DoRothEA
ZNF587	295	DoRothEA
ZNF589	589	DoRothEA
ZNF592	629	DoRothEA
ZNF594	194	DoRothEA
ZNF595	85	DoRothEA
ZNF596	212	DoRothEA
ZNF597	77	DoRothEA
ZNF599	287	DoRothEA
ZNF600	78	DoRothEA
ZNF605	200	DoRothEA
ZNF606	263	DoRothEA
ZNF607	167	DoRothEA
ZNF610	134	DoRothEA
ZNF611	218	DoRothEA
ZNF613	104	DoRothEA
ZNF614	175	DoRothEA
ZNF615	196	DoRothEA
ZNF616	261	DoRothEA
ZNF618	536	DoRothEA
ZNF619	279	DoRothEA
ZNF620	27	DoRothEA
ZNF621	308	DoRothEA
ZNF623	380	DoRothEA
ZNF624	284	DoRothEA
ZNF626	106	DoRothEA
ZNF627	191	DoRothEA
ZNF628	284	DoRothEA
ZNF629	587	DoRothEA
ZNF639	1153	DoRothEA
ZNF641	288	DoRothEA
ZNF644	1030	DoRothEA
ZNF646	430	DoRothEA
ZNF649	318	DoRothEA
ZNF652	146	DoRothEA
ZNF653	469	DoRothEA
ZNF654	424	DoRothEA
ZNF655	646	DoRothEA
ZNF658	124	DoRothEA
ZNF660	81	DoRothEA
ZNF662	344	DoRothEA
ZNF664	699	DoRothEA
ZNF665	93	DoRothEA
ZNF667	524	DoRothEA
ZNF668	512	DoRothEA
ZNF669	114	DoRothEA
ZNF670	56	DoRothEA
ZNF671	73	DoRothEA
ZNF672	540	DoRothEA
ZNF674	145	DoRothEA
ZNF675	371	DoRothEA
ZNF676	16	DoRothEA
ZNF677	121	DoRothEA
ZNF678	354	DoRothEA
ZNF680	802	DoRothEA
ZNF681	176	DoRothEA
ZNF682	109	DoRothEA
ZNF683	236	DoRothEA
ZNF684	227	DoRothEA
ZNF687	480	DoRothEA
ZNF689	452	DoRothEA
ZNF69	257	DoRothEA
ZNF691	454	DoRothEA
ZNF692	747	DoRothEA
ZNF696	266	DoRothEA
ZNF697	115	DoRothEA
ZNF699	260	DoRothEA
ZNF7	379	DoRothEA
ZNF70	304	DoRothEA
ZNF700	513	DoRothEA
ZNF701	221	DoRothEA
ZNF707	384	DoRothEA
ZNF708	610	DoRothEA
ZNF71	267	DoRothEA
ZNF710	378	DoRothEA
ZNF711	432	DoRothEA
ZNF713	86	DoRothEA
ZNF714	170	DoRothEA
ZNF717	221	DoRothEA
ZNF718	38	DoRothEA
ZNF721	317	DoRothEA
ZNF726	169	DoRothEA
ZNF736	343	DoRothEA
ZNF737	131	DoRothEA
ZNF74	435	DoRothEA
ZNF740	961	DoRothEA
ZNF746	495	DoRothEA
ZNF749	206	DoRothEA
ZNF75A	202	DoRothEA
ZNF75D	274	DoRothEA
ZNF76	1242	DoRothEA
ZNF761	236	DoRothEA
ZNF763	123	DoRothEA
ZNF764	143	DoRothEA
ZNF765	111	DoRothEA
ZNF766	569	DoRothEA
ZNF768	921	DoRothEA
ZNF77	51	DoRothEA
ZNF770	1361	DoRothEA
ZNF771	405	DoRothEA
ZNF772	115	DoRothEA
ZNF773	60	DoRothEA
ZNF774	264	DoRothEA
ZNF775	931	DoRothEA
ZNF776	204	DoRothEA
ZNF777	388	DoRothEA
ZNF778	428	DoRothEA
ZNF780A	210	DoRothEA
ZNF780B	357	DoRothEA
ZNF781	247	DoRothEA
ZNF782	115	DoRothEA
ZNF784	385	DoRothEA
ZNF785	462	DoRothEA
ZNF786	267	DoRothEA
ZNF787	657	DoRothEA
ZNF788	116	DoRothEA
ZNF789	598	DoRothEA
ZNF79	164	DoRothEA
ZNF790	91	DoRothEA
ZNF791	376	DoRothEA
ZNF792	156	DoRothEA
ZNF793	290	DoRothEA
ZNF799	113	DoRothEA
ZNF8	572	DoRothEA
ZNF800	773	DoRothEA
ZNF805	120	DoRothEA
ZNF808	184	DoRothEA
ZNF81	357	DoRothEA
ZNF813	143	DoRothEA
ZNF814	292	DoRothEA
ZNF816	572	DoRothEA
ZNF823	168	DoRothEA
ZNF827	239	DoRothEA
ZNF829	76	DoRothEA
ZNF83	683	DoRothEA
ZNF835	169	DoRothEA
ZNF836	113	DoRothEA
ZNF837	369	DoRothEA
ZNF84	346	DoRothEA
ZNF841	414	DoRothEA
ZNF844	85	DoRothEA
ZNF845	233	DoRothEA
ZNF846	438	DoRothEA
ZNF85	571	DoRothEA
ZNF853	512	DoRothEA
ZNF860	132	DoRothEA
ZNF879	162	DoRothEA
ZNF880	47	DoRothEA
ZNF883	45	DoRothEA
ZNF891	241	DoRothEA
ZNF90	243	DoRothEA
ZNF91	451	DoRothEA
ZNF92	616	DoRothEA
ZNF93	58	DoRothEA
ZNFX1	646	DoRothEA
ZSCAN1	129	DoRothEA
ZSCAN12	208	DoRothEA
ZSCAN16	173	DoRothEA
ZSCAN2	123	DoRothEA
ZSCAN20	106	DoRothEA
ZSCAN21	52	DoRothEA
ZSCAN22	613	DoRothEA
ZSCAN25	364	DoRothEA
ZSCAN26	351	DoRothEA
ZSCAN29	433	DoRothEA
ZSCAN30	308	DoRothEA
ZSCAN31	492	DoRothEA
ZSCAN32	40	DoRothEA
ZSCAN4	406	DoRothEA
ZSCAN5A	479	DoRothEA
ZSCAN9	201	DoRothEA
ZXDA	159	DoRothEA
ZXDB	241	DoRothEA
ZXDC	365	DoRothEA
